path,tag
data/porter_audio_clean/hermes-cca%2F2022-01-22%2F742ba64e-14b7-4e64-897c-9952773811ff%2Fa97b3509-93e0-44e9-967c-b1bc2e592a52.wav,"[{'type': 'SPEECH', 'time-range': [0.0, 0.68]}, {'type': 'SPEECH', 'time-range': [0.72, 1.54]}, {'type': 'SPEECH', 'time-range': [2.32, 2.76]}, {'type': 'NON-SPEECH', 'time-range': [3.06, 4.0200000000000005]}, {'type': 'SPEECH', 'time-range': [3.06, 4.96]}]"
data/chola_audio_clean/hermes-cca%2F2022-02-08%2F9d4ba3eb14b59e21a78d063f30ae1628%2Ff1b78de4-1942-4978-b29d-f25e8f9edaf3.wav,"[{'type': 'NON-SPEECH', 'time-range': [0.0, 7.32]}]"
data/porter_audio_clean/hermes-cca%2F2022-01-11%2F2b9b8300-c043-4f8a-86f3-36b3dccfa80e%2Ff0069470-fc0b-4538-9fb7-d8a5d6a2b51c.wav,"[{'type': 'SPEECH', 'time-range': [0.0, 1.9]}, {'type': 'SPEECH', 'time-range': [3.64, 4.0600000000000005]}]"
data/porter_audio_clean/hermes-cca%2F2022-02-08%2F74eb64c9-e518-4a84-998e-faccd8048dc2%2F1323bd2a-4487-4a6f-83e5-c2b822d4ed08.wav,"[{'type': 'NON-SPEECH', 'time-range': [0.0, 6.34]}, {'type': 'SPEECH', 'time-range': [0.52, 2.26]}, {'type': 'SPEECH', 'time-range': [2.78, 7.96]}, {'type': 'SPEECH', 'time-range': [8.4, 10.66]}, {'type': 'NON-SPEECH', 'time-range': [10.42, 16.34]}, {'type': 'SPEECH', 'time-range': [13.2, 14.6]}, {'type': 'SPEECH', 'time-range': [15.06, 16.34]}]"
data/porter_audio_clean/hermes-cca%2F2022-01-22%2Fe2003b41-6b28-47ba-9bbc-f4a3233500e7%2Fa17b5b28-3227-4d8d-b757-b4e399e4cd62.wav,"[{'type': 'SPEECH', 'time-range': [0.0, 2.52]}]"
data/porter_audio_clean/hermes-cca%2F2022-02-08%2Fd1542b9a-7783-4f6e-862a-118ed1a93f3a%2Fb1189d0e-eaed-46cc-990c-85e42e49f18b.wav,"[{'type': 'NON-SPEECH', 'time-range': [0.0, 3.54]}, {'type': 'SPEECH', 'time-range': [0.0, 12.5]}, {'type': 'NON-SPEECH', 'time-range': [3.64, 18.44]}]"
data/porter_audio_clean/hermes-cca%2F2022-01-22%2F46615329-8953-42cf-bdfb-010cfa77aa79%2Ff7fd2956-d8e1-4b85-8fa1-87163f0f8d32.wav,"[{'type': 'SPEECH', 'time-range': [0.0, 0.76]}]"
data/porter_audio_clean/hermes-cca%2F2022-02-04%2Fdf842086-8028-4bc1-9b62-4091ed0a314e%2Fd0bb6afb-a7cf-4b41-9914-1006677b58f6.wav,"[{'type': 'NON-SPEECH', 'time-range': [0.04, 5.34]}, {'type': 'SPEECH', 'time-range': [2.66, 3.64]}]"
data/porter_audio_clean/hermes-cca%2F2021-12-31%2Fae3b2058-6af4-49cc-925e-442bf3c214f0%2Fcaf0c458-f376-4590-9023-7c9d55bd529f.wav,"[{'type': 'NON-SPEECH', 'time-range': [0.06, 6.66]}, {'type': 'SPEECH', 'time-range': [3.74, 4.42]}]"
data/porter_audio_clean/hermes-cca%2F2021-12-28%2F6225dc25-7b3e-4716-9730-bc2d1567c117%2F153f2a51-be08-4913-87f7-4d5db15caf77.wav,"[{'type': 'SPEECH', 'time-range': [0.06, 3.1]}]"
data/chola_audio_clean/hermes-cca%2F2022-01-29%2F7a26a377c5bc8bea9f208632685f161t%2F007dcf30-5b61-47da-b059-1ce3baecb28c.wav,"[{'type': 'SPEECH', 'time-range': [0.06, 4.08]}]"
data/porter_audio_clean/hermes-cca%2F2022-02-08%2Fa1c3e914-bccf-47ab-9cb9-ff39935d3e83%2Ff300ae34-79ab-4c16-95bf-f449db987df0.wav,"[{'type': 'SPEECH', 'time-range': [0.06, 0.84]}, {'type': 'SPEECH', 'time-range': [0.92, 2.52]}, {'type': 'SPEECH', 'time-range': [2.9, 4.58]}]"
data/chola_audio_clean/hermes-cca%2F2022-02-08%2Fa727f825126641334423086525d61628%2F3245525f-88f5-4784-8180-9b2880d5e6d1.wav,"[{'type': 'SPEECH', 'time-range': [0.06, 1.52]}]"
data/chola_audio_clean/hermes-cca%2F2022-02-08%2F91e63735b10ee904016918c026221628%2F486734a8-ddc6-4d5d-9978-aa3989900e87.wav,"[{'type': 'SPEECH', 'time-range': [0.08, 3.48]}, {'type': 'SPEECH', 'time-range': [4.2, 5.0]}]"
data/porter_audio_clean/hermes-cca%2F2022-01-27%2F4116a76c-51c8-457c-a0ce-35af9b9eb048%2F2b0002f5-96e3-4cfc-9fcc-067d0e77dddd.wav,"[{'type': 'NON-SPEECH', 'time-range': [0.08, 15.8]}, {'type': 'SPEECH', 'time-range': [10.5, 10.9]}]"
data/chola_audio_clean/hermes-cca%2F2022-02-07%2Fdb57e15eee20dd24bd12b7d2fc401627%2F6c8c7bdd-21d9-4245-a590-23eac5f8d6b5.wav,"[{'type': 'SPEECH', 'time-range': [0.08, 0.7000000000000001]}]"
data/chola_audio_clean/hermes-cca%2F2022-02-06%2F0f1ec7257f120d62531ad2917dcf1626%2Fa012f600-d056-4915-ad9c-8c9327c33529.wav,"[{'type': 'SPEECH', 'time-range': [0.1, 0.6]}]"
data/porter_audio_clean/hermes-cca%2F2022-01-05%2F2d553ebb-8ba8-4b97-8cef-6d90f59c78ba%2F83a83e78-1971-4b7a-8950-a9aca1eeff7b.wav,"[{'type': 'NON-SPEECH', 'time-range': [0.1, 4.2]}, {'type': 'SPEECH', 'time-range': [1.54, 1.94]}, {'type': 'SPEECH', 'time-range': [4.42, 4.96]}]"
data/chola_audio_clean/hermes-cca%2F2022-02-06%2F2ef7a747763e5a8e9ab1e99866fb1626%2Fe96d50bb-bdb8-468b-80ca-e8b84d5cabd9.wav,"[{'type': 'SPEECH', 'time-range': [0.1, 0.28]}, {'type': 'SPEECH', 'time-range': [0.78, 1.72]}, {'type': 'SPEECH', 'time-range': [2.28, 3.92]}]"
data/porter_audio_clean/hermes-cca%2F2022-01-27%2F4116a76c-51c8-457c-a0ce-35af9b9eb048%2F81a6b73e-0d88-463d-ad84-bc8b9ec4d623.wav,"[{'type': 'NON-SPEECH', 'time-range': [0.12, 5.1000000000000005]}]"
data/porter_audio_clean/hermes-cca%2F2022-01-11%2Ff146a907-a906-4eba-82b8-367181504b50%2F4fa0e2e1-3a67-4c82-afca-c9a5878affd4.wav,"[{'type': 'SPEECH', 'time-range': [0.12, 3.34]}]"
data/chola_audio_clean/hermes-cca%2F2022-02-07%2F893cc49c95dccc3e65115118a26c1627%2Fc79dfae0-22f4-49e2-abfe-6a96d28dca9b.wav,"[{'type': 'SPEECH', 'time-range': [0.12, 0.62]}]"
data/porter_audio_clean/hermes-cca%2F2022-01-22%2F0709a4a6-386d-479b-a3f0-df756570a2e8%2F749429a4-d809-4630-86de-f1ef4385a8c3.wav,"[{'type': 'SPEECH', 'time-range': [0.12, 6.94]}, {'type': 'NON-SPEECH', 'time-range': [0.48, 8.96]}]"
data/porter_audio_clean/hermes-cca%2F2022-01-11%2F3dae7c93-40fa-4a05-8979-7b933fb6cc7f%2F0b6877bd-330c-46dd-b9c6-04e3ac6d4ca7.wav,"[{'type': 'SPEECH', 'time-range': [0.14, 1.98]}, {'type': 'SPEECH', 'time-range': [3.56, 4.92]}]"
data/chola_audio_clean/hermes-cca%2F2022-02-08%2Fa727f825126641334423086525d61628%2F489ff619-077f-40f9-b699-754811940272.wav,"[{'type': 'SPEECH', 'time-range': [0.14, 5.54]}, {'type': 'SPEECH', 'time-range': [5.94, 6.5600000000000005]}]"
data/porter_audio_clean/hermes-cca%2F2021-11-01%2Fa09086fc-e8bd-4d95-956a-ffeb1a4a1786%2F7ca5eb13-7cbc-4540-9a3b-7c1e65fc2fa4.wav,"[{'type': 'SPEECH', 'time-range': [0.14, 1.62]}, {'type': 'SPEECH', 'time-range': [1.98, 5.64]}, {'type': 'NON-SPEECH', 'time-range': [3.76, 5.5600000000000005]}, {'type': 'SPEECH', 'time-range': [6.08, 7.5]}, {'type': 'SPEECH', 'time-range': [7.88, 8.2]}]"
data/chola_audio_clean/hermes-cca%2F2022-02-07%2F893cc49c95dccc3e65115118a26c1627%2F1e6b8004-1856-44fa-a989-1d8c4eeed544.wav,"[{'type': 'SPEECH', 'time-range': [0.14, 0.6]}]"
data/porter_audio_clean/hermes-cca%2F2022-01-11%2F134a7542-1f46-42e9-a756-6dd5df7503cc%2Ff285c4da-9488-4903-b466-9e1f181b3e3e.wav,"[{'type': 'SPEECH', 'time-range': [0.16, 3.82]}]"
data/chola_audio_clean/hermes-cca%2F2022-02-07%2F9a571598ddbe64395fc4673aacc71627%2F37c5c77f-fa3a-4a52-a7c3-4562e5effe0e.wav,"[{'type': 'SPEECH', 'time-range': [0.16, 1.88]}, {'type': 'NON-SPEECH', 'time-range': [0.94, 4.34]}, {'type': 'SPEECH', 'time-range': [2.8000000000000003, 4.16]}, {'type': 'SPEECH', 'time-range': [4.28, 4.5600000000000005]}]"
data/chola_audio_clean/hermes-cca%2F2022-02-07%2F893cc49c95dccc3e65115118a26c1627%2F2ec6f597-048f-4a57-96cd-e89b7c1f975d.wav,"[{'type': 'SPEECH', 'time-range': [0.16, 0.6]}]"
data/porter_audio_clean/hermes-cca%2F2022-01-31%2Ffdb683b7-a853-4eb7-8cf4-f042861b675e%2Fd3a0620e-5983-4484-a342-3368073d850b.wav,"[{'type': 'SPEECH', 'time-range': [0.18, 2.02]}]"
data/chola_audio_clean/hermes-cca%2F2022-02-08%2Fa727f825126641334423086525d61628%2F41afc606-2a01-4340-a19e-3d5fcfb47a2f.wav,"[{'type': 'SPEECH', 'time-range': [0.18, 3.2]}]"
data/porter_audio_clean/hermes-cca%2F2021-12-28%2Ff604e6d4-7656-4f9b-92bd-e776ac29055a%2F30aa0a30-de1f-4e9d-bf20-613d58156f24.wav,"[{'type': 'SPEECH', 'time-range': [0.18, 2.66]}, {'type': 'SPEECH', 'time-range': [3.98, 7.96]}]"
data/chola_audio_clean/hermes-cca%2F2022-01-30%2Fdfa8e12754e45d99ec186db3af85161u%2F544b311c-1740-4535-9dde-248c74a2073c.wav,"[{'type': 'NON-SPEECH', 'time-range': [0.2, 4.5600000000000005]}]"
data/porter_audio_clean/hermes-cca%2F2022-02-09%2F415be487-30e5-45c2-9962-3007c667a51f%2F7e766a7e-9fba-4b86-a92b-985053f974e8.wav,"[{'type': 'SPEECH', 'time-range': [0.2, 1.1]}, {'type': 'SPEECH', 'time-range': [1.68, 5.88]}]"
data/chola_audio_clean/hermes-cca%2F2022-02-08%2F4628a213fc79ca2c6d5971724fc41628%2F90f29aef-209a-4071-ae35-93dfa3fbc840.wav,"[{'type': 'SPEECH', 'time-range': [0.2, 1.16]}, {'type': 'SPEECH', 'time-range': [3.16, 4.36]}, {'type': 'NON-SPEECH', 'time-range': [4.34, 5.5600000000000005]}, {'type': 'SPEECH', 'time-range': [4.46, 5.1000000000000005]}, {'type': 'SPEECH', 'time-range': [5.18, 5.5600000000000005]}]"
data/chola_audio_clean/hermes-cca%2F2021-12-04%2Fe9f8dc88-2486-464d-a8c6-b1c070e54b22%2Fe681598a-4f26-4be1-848a-2e0e07db6ad8.wav,"[{'type': 'SPEECH', 'time-range': [0.2, 4.76]}]"
data/chola_audio_clean/hermes-cca%2F2022-02-08%2F13b02a53ea78cd5651d89309ef881628%2F812e4d89-9044-4b72-9543-2e3509d33d85.wav,"[{'type': 'SPEECH', 'time-range': [0.22, 0.76]}, {'type': 'SPEECH', 'time-range': [1.66, 2.16]}]"
data/chola_audio_clean/hermes-cca%2F2022-01-29%2Fb683b8ecb6941568e7bc86ca1515161t%2Fd79d5894-1192-4783-a894-9d5b766c9158.wav,"[{'type': 'SPEECH', 'time-range': [0.22, 0.52]}, {'type': 'SPEECH', 'time-range': [0.78, 1.72]}, {'type': 'SPEECH', 'time-range': [1.82, 2.04]}]"
data/chola_audio_clean/hermes-cca%2F2022-01-29%2Fcb00dd9624ac5e59e9712cc269af161t%2F9bf8a7ed-025f-4046-b93c-31ff14af1c32.wav,"[{'type': 'SPEECH', 'time-range': [0.22, 1.26]}]"
data/porter_audio_clean/hermes-cca%2F2021-12-27%2F9e16799e-aa52-48f9-beb3-3a2db6e4ef97%2F2fde81ba-6aaa-4960-96bb-bd5d0528723e.wav,"[{'type': 'SPEECH', 'time-range': [0.22, 1.24]}, {'type': 'SPEECH', 'time-range': [1.94, 2.46]}, {'type': 'SPEECH', 'time-range': [4.32, 5.5600000000000005]}, {'type': 'SPEECH', 'time-range': [5.74, 6.86]}, {'type': 'SPEECH', 'time-range': [7.82, 12.6]}, {'type': 'SPEECH', 'time-range': [13.28, 13.86]}, {'type': 'SPEECH', 'time-range': [14.4, 16.78]}, {'type': 'SPEECH', 'time-range': [17.68, 18.14]}]"
data/chola_audio_clean/hermes-cca%2F2022-02-07%2F02e40386a5e078527bbb8c4de1bd1627%2Fc9d87a6a-2634-4c3f-ad3b-4a969e9e4751.wav,"[{'type': 'SPEECH', 'time-range': [0.22, 0.74]}, {'type': 'SPEECH', 'time-range': [0.86, 3.22]}, {'type': 'SPEECH', 'time-range': [3.98, 4.44]}]"
data/chola_audio_clean/hermes-cca%2F2021-12-18%2F99cf8af5-3c9c-4530-a826-d6fbc8e97b1c%2F277bf2b0-d149-45e9-9cc6-256737741ed3.wav,"[{'type': 'SPEECH', 'time-range': [0.3, 1.64]}]"
data/porter_audio_clean/hermes-cca%2F2022-01-27%2Fc648d556-ef57-4ff2-82d5-8ce921da0ff2%2F4cd818d3-ee0d-4105-a3e8-a93a68fd79e8.wav,"[{'type': 'SPEECH', 'time-range': [0.32, 1.88]}, {'type': 'NON-SPEECH', 'time-range': [2.18, 3.78]}, {'type': 'SPEECH', 'time-range': [2.2, 3.84]}, {'type': 'NON-SPEECH', 'time-range': [4.22, 8.0]}, {'type': 'SPEECH', 'time-range': [4.24, 9.42]}, {'type': 'NON-SPEECH', 'time-range': [8.14, 9.36]}, {'type': 'NON-SPEECH', 'time-range': [9.68, 11.56]}, {'type': 'SPEECH', 'time-range': [9.8, 11.66]}, {'type': 'NON-SPEECH', 'time-range': [11.9, 15.58]}, {'type': 'SPEECH', 'time-range': [11.96, 15.66]}, {'type': 'SPEECH', 'time-range': [16.1, 17.52]}, {'type': 'SPEECH', 'time-range': [17.900000000000002, 18.44]}]"
data/chola_audio_clean/hermes-cca%2F2022-02-08%2Fa727f825126641334423086525d61628%2F6b359768-d3c7-43de-bc21-37a6e7426eaf.wav,"[{'type': 'SPEECH', 'time-range': [0.36, 2.88]}]"
data/porter_audio_clean/hermes-cca%2F2022-01-22%2Fad55634a-87a0-43de-a2bb-bf2fb298c778%2F0c7bb834-0b03-4071-9d34-89fed7dc3803.wav,"[{'type': 'SPEECH', 'time-range': [0.36, 0.92]}, {'type': 'SPEECH', 'time-range': [1.66, 5.26]}, {'type': 'SPEECH', 'time-range': [5.84, 8.4]}]"
data/chola_audio_clean/hermes-cca%2F2021-12-18%2Ffbff424d-28cb-4356-a0ad-e45b4d532773%2F46055c52-12a8-4214-8e57-dbb8a884f175.wav,"[{'type': 'SPEECH', 'time-range': [0.36, 1.08]}]"
data/porter_audio_clean/hermes-cca%2F2022-02-09%2F446413c5-795b-4614-b656-d4e51ad3c5cd%2Fac22b73c-923e-40f0-b447-48065d9cfbe7.wav,"[{'type': 'SPEECH', 'time-range': [0.42, 1.22]}, {'type': 'SPEECH', 'time-range': [2.54, 4.18]}, {'type': 'SPEECH', 'time-range': [6.32, 7.1000000000000005]}]"
data/porter_audio_clean/hermes-cca%2F2022-01-31%2F64bad1bd-ebe6-4c6b-81b4-d0d20c64f179%2Faae1fd30-9939-4c6e-b899-279fecd33c22.wav,"[{'type': 'NON-SPEECH', 'time-range': [0.42, 5.1000000000000005]}, {'type': 'SPEECH', 'time-range': [1.44, 3.56]}]"
data/porter_audio_clean/hermes-cca%2F2022-01-04%2F18b51ae0-5063-484b-8fb6-bdf130a4f670%2Ff7d2e96a-c1f9-4e2b-8d17-d8da032cfc35.wav,"[{'type': 'NON-SPEECH', 'time-range': [0.42, 0.94]}, {'type': 'SPEECH', 'time-range': [1.64, 2.88]}]"
data/chola_audio_clean/hermes-cca%2F2022-02-11%2Fd001e517-52cb-46a9-a42d-c5b2ca125c06%2F39861eca-02de-49d8-89a2-6dbcd6b1e7cf.wav,"[{'type': 'SPEECH', 'time-range': [0.44, 1.74]}]"
data/chola_audio_clean/hermes-cca%2F2022-02-08%2F13b02a53ea78cd5651d89309ef881628%2F2c1b47ff-6d24-40aa-b292-e9f37a184b89.wav,"[{'type': 'SPEECH', 'time-range': [0.44, 0.68]}, {'type': 'SPEECH', 'time-range': [1.04, 1.46]}, {'type': 'SPEECH', 'time-range': [2.22, 3.64]}, {'type': 'SPEECH', 'time-range': [4.04, 4.5600000000000005]}]"
data/chola_audio_clean/hermes-cca%2F2022-01-29%2Fbfc59d167b1bed9d5262cf7177d8161t%2F34fd4167-71b7-47c2-9eca-e4add1173eba.wav,"[{'type': 'SPEECH', 'time-range': [0.44, 1.14]}]"
data/porter_audio_clean/hermes-cca%2F2022-02-04%2F851d1ead-04a9-4b63-886d-4e0e91e8a192%2Fe3493b28-8a0b-4fe4-bd3b-730b9d3be20b.wav,"[{'type': 'NON-SPEECH', 'time-range': [0.44, 4.36]}, {'type': 'SPEECH', 'time-range': [0.74, 4.48]}]"
data/chola_audio_clean/hermes-cca%2F2022-01-15%2F534af5f4-18af-45a1-953a-ed05805ae102%2F025663f0-c7db-4679-9e01-9542f4ae8cdd.wav,"[{'type': 'NON-SPEECH', 'time-range': [0.44, 3.56]}, {'type': 'SPEECH', 'time-range': [1.1, 3.56]}]"
data/chola_audio_clean/hermes-cca%2F2021-12-08%2Ffb3a1dad-c24b-4f53-95d3-2ea353984b51%2F9cb13885-3a2a-4124-834a-0707a30e8c0d.wav,"[{'type': 'SPEECH', 'time-range': [0.46, 1.22]}]"
data/porter_audio_clean/hermes-cca%2F2022-02-09%2Fd6885b97-325a-4d99-857e-369a8f2b88d9%2F7e42dc93-81b9-4b40-82af-0457be7b9289.wav,"[{'type': 'SPEECH', 'time-range': [0.48, 2.84]}]"
data/chola_audio_clean/hermes-cca%2F2021-12-18%2Fe77944ea-9820-4c12-ac44-ca61e24a7ca6%2Fb56d95de-ce08-479d-b6e6-e44d1553cab1.wav,"[{'type': 'SPEECH', 'time-range': [0.48, 1.16]}]"
data/chola_audio_clean/hermes-cca%2F2022-01-29%2F5d0703fb5685c3a2e90206a80e14161t%2F80b53c38-b429-420c-ba61-19f74bf5feaa.wav,"[{'type': 'SPEECH', 'time-range': [0.48, 1.08]}]"
data/chola_audio_clean/hermes-cca%2F2022-02-08%2F37d2ac66155c6b1fc048d9fcd57e1628%2Fbad50983-2cd5-4d27-be9a-6bdd131054ff.wav,"[{'type': 'SPEECH', 'time-range': [0.52, 0.94]}, {'type': 'SPEECH', 'time-range': [1.52, 2.3000000000000003]}, {'type': 'SPEECH', 'time-range': [3.76, 4.0600000000000005]}]"
data/chola_audio_clean/hermes-cca%2F2021-12-08%2F65062139-d0b6-44ac-b1d5-7d8b4d7601e3%2Fefcbe50d-9dc7-44d5-b6da-46f7f40718fa.wav,"[{'type': 'SPEECH', 'time-range': [0.54, 1.32]}]"
data/chola_audio_clean/hermes-cca%2F2021-12-18%2Facce6f9e-5450-4c79-942d-9b4f7c73797d%2F7ae03c93-fa2f-4a89-943c-870b5b398ea2.wav,"[{'type': 'SPEECH', 'time-range': [0.54, 2.22]}]"
data/porter_audio_clean/hermes-cca%2F2022-02-08%2F0f113310-c26a-4844-89be-a17242d9809a%2Fc9d5265c-576c-4f3d-acf6-165a5cc334d4.wav,"[{'type': 'SPEECH', 'time-range': [0.54, 4.22]}, {'type': 'SPEECH', 'time-range': [4.5, 8.2]}]"
data/chola_audio_clean/hermes-cca%2F2021-12-18%2Fc553f48e-ae97-463d-8043-6c9a1da88ae2%2F52224514-c101-476c-ac10-c79eb11b4642.wav,"[{'type': 'SPEECH', 'time-range': [0.58, 1.88]}]"
data/chola_audio_clean/hermes-cca%2F2021-12-04%2F25c1ddcf-812a-442f-b253-5e17a7bc01ca%2F34e7331c-8de9-4082-81ea-3437f404d46f.wav,"[{'type': 'SPEECH', 'time-range': [0.6, 1.02]}, {'type': 'SPEECH', 'time-range': [1.48, 2.56]}]"
data/porter_audio_clean/hermes-cca%2F2022-01-22%2F46615329-8953-42cf-bdfb-010cfa77aa79%2F20646214-8d2d-4643-ac13-1dc6155c0090.wav,"[{'type': 'SPEECH', 'time-range': [0.6, 2.46]}, {'type': 'SPEECH', 'time-range': [2.7, 4.46]}]"
data/chola_audio_clean/hermes-cca%2F2021-12-18%2F3c505175-6dc8-428b-942c-7f4b764a3e2d%2F9b409fbe-7762-45d8-a501-45f169ae3582.wav,"[{'type': 'SPEECH', 'time-range': [0.6, 1.4]}]"
data/chola_audio_clean/hermes-cca%2F2021-12-18%2F5d4cb528-383c-4227-9bf7-ee318271613d%2Fa3dc69ff-9ae2-48b4-82ba-06ff4d84b2f1.wav,"[{'type': 'SPEECH', 'time-range': [0.62, 2.0]}]"
data/porter_audio_clean/hermes-cca%2F2022-01-11%2F3badeb41-c964-4a48-8411-4fb8f9064a77%2F69dac374-67c6-4d8b-9214-97e3458a18c3.wav,"[{'type': 'SPEECH', 'time-range': [0.62, 2.84]}, {'type': 'NON-SPEECH', 'time-range': [4.0200000000000005, 6.86]}, {'type': 'SPEECH', 'time-range': [4.12, 6.92]}]"
data/chola_audio_clean/hermes-cca%2F2021-12-04%2F25c1ddcf-812a-442f-b253-5e17a7bc01ca%2F9d9a78ba-4ff0-4c58-bb7e-396660a89d99.wav,"[{'type': 'SPEECH', 'time-range': [0.62, 1.38]}]"
data/porter_audio_clean/hermes-cca%2F2022-01-11%2F9d3e21e3-1cb4-4f53-83d0-b33fe23f521d%2F26399771-24bd-4067-83ad-1da10579e2c4.wav,"[{'type': 'SPEECH', 'time-range': [0.62, 1.24]}, {'type': 'SPEECH', 'time-range': [1.34, 1.56]}, {'type': 'SPEECH', 'time-range': [2.5, 3.06]}]"
data/chola_audio_clean/hermes-cca%2F2021-11-05%2Febb8cff0-47d4-471f-a3f7-071f15205f26%2F979aaf24-6a86-42a1-a4a9-525375390148.wav,"[{'type': 'SPEECH', 'time-range': [0.62, 2.14]}]"
data/chola_audio_clean/hermes-cca%2F2022-01-29%2Fd74cac0da9c2ee70582d0c2079bc161t%2F67084580-91ee-414a-97a2-88137db37b67.wav,"[{'type': 'SPEECH', 'time-range': [0.62, 2.46]}]"
data/porter_audio_clean/hermes-cca%2F2022-02-09%2F446413c5-795b-4614-b656-d4e51ad3c5cd%2F7357dbcc-665c-4b3f-a23d-32c61f1c9f5d.wav,"[{'type': 'SPEECH', 'time-range': [0.62, 2.2]}]"
data/chola_audio_clean/hermes-cca%2F2021-12-18%2Feb8b2e05-479a-4e80-9363-bf52b29c79b3%2F6727ea79-a80a-4530-bde8-d995afa96fb5.wav,"[{'type': 'SPEECH', 'time-range': [0.64, 1.4]}]"
data/porter_audio_clean/hermes-cca%2F2022-01-22%2Fc32ad1af-d8fc-48e4-8adf-39bee16b9568%2F8d768a8b-c213-4686-ba04-46be6bca85d9.wav,"[{'type': 'SPEECH', 'time-range': [0.64, 0.94]}]"
data/chola_audio_clean/hermes-cca%2F2022-02-04%2Fd69373f8df7860c4c96cd267bc041624%2F800506ed-7dd7-462d-8d98-e1aaec4b4ff3.wav,"[{'type': 'SPEECH', 'time-range': [0.68, 1.56]}]"
data/chola_audio_clean/hermes-cca%2F2022-01-29%2Fa99ba772e7a64c572b200e53ffb3161t%2Fde436adb-bb24-4e99-9342-00ee08ee991a.wav,"[{'type': 'SPEECH', 'time-range': [0.68, 1.06]}, {'type': 'SPEECH', 'time-range': [1.58, 2.4]}, {'type': 'SPEECH', 'time-range': [2.8000000000000003, 4.22]}, {'type': 'SPEECH', 'time-range': [4.78, 7.08]}]"
data/chola_audio_clean/hermes-cca%2F2022-01-29%2F7a26a377c5bc8bea9f208632685f161t%2Fbd05bab8-e8b0-46b7-bf12-9fd395b729ab.wav,"[{'type': 'SPEECH', 'time-range': [0.68, 1.78]}, {'type': 'SPEECH', 'time-range': [2.04, 4.5600000000000005]}]"
data/porter_audio_clean/hermes-cca%2F2021-12-28%2Fea7765d7-a947-4ac7-b113-f22eccd4b40f%2F4a637576-442c-4960-a954-e19f33f5771d.wav,"[{'type': 'NON-SPEECH', 'time-range': [0.7000000000000001, 6.48]}, {'type': 'SPEECH', 'time-range': [0.78, 6.54]}, {'type': 'NON-SPEECH', 'time-range': [6.66, 8.2]}, {'type': 'SPEECH', 'time-range': [6.72, 8.2]}]"
data/porter_audio_clean/hermes-cca%2F2022-02-04%2F37051223-9f30-4fff-8d58-5248257192a2%2F309d7c3e-03aa-4a8f-b77e-b23bd5a0e9ea.wav,"[{'type': 'SPEECH', 'time-range': [0.7000000000000001, 2.78]}]"
data/chola_audio_clean/hermes-cca%2F2022-02-08%2F272a51cc1a4f4d3b01908b1cc3bb1628%2F221d6017-f5da-4f6b-84cc-e6877bfb159d.wav,"[{'type': 'NON-SPEECH', 'time-range': [0.7000000000000001, 2.68]}, {'type': 'SPEECH', 'time-range': [1.06, 1.76]}, {'type': 'SPEECH', 'time-range': [2.34, 3.92]}, {'type': 'SPEECH', 'time-range': [4.98, 5.4]}]"
data/chola_audio_clean/hermes-cca%2F2022-01-29%2Fb683b8ecb6941568e7bc86ca1515161t%2Fa1be48f2-3ab0-45f5-84f8-bc87794c1fc1.wav,"[{'type': 'SPEECH', 'time-range': [0.72, 4.3]}]"
data/chola_audio_clean/hermes-cca%2F2022-01-17%2F624c3de1-6a37-4578-b9c9-032e6529d717%2F741243ea-51a4-4ea4-a836-09a921f095b1.wav,"[{'type': 'SPEECH', 'time-range': [0.72, 1.42]}]"
data/chola_audio_clean/hermes-cca%2F2022-02-08%2F73f9422e487be2516884b55eb3de1628%2F8d5d7598-dc38-4187-a30b-fd9affb9b779.wav,"[{'type': 'SPEECH', 'time-range': [0.74, 1.38]}, {'type': 'SPEECH', 'time-range': [2.62, 3.06]}]"
data/chola_audio_clean/hermes-cca%2F2022-02-08%2F10556ac60651cc85f4ec18b3d5621628%2F8840a590-e7ea-49ff-8d98-4d6b70856c62.wav,"[{'type': 'SPEECH', 'time-range': [0.76, 3.08]}]"
data/chola_audio_clean/hermes-cca%2F2021-12-08%2Fe0412831-11e4-4e5b-bf5a-f28008780944%2F78d7f61b-ba2e-47cd-b0db-b585cc43d996.wav,"[{'type': 'SPEECH', 'time-range': [0.76, 1.16]}]"
data/chola_audio_clean/hermes-cca%2F2021-11-05%2F0efcead7-9511-42b7-b4bf-584da56090ed%2F9daf4a53-81a4-4ec3-a378-94bfeec498d1.wav,"[{'type': 'NON-SPEECH', 'time-range': [0.76, 3.36]}, {'type': 'SPEECH', 'time-range': [0.78, 3.36]}]"
data/chola_audio_clean/hermes-cca%2F2021-12-18%2F317690c3-4678-43cf-88c3-bc86badfe741%2Ff7f467c4-bd3f-4398-ab42-1bf596506bea.wav,"[{'type': 'SPEECH', 'time-range': [0.78, 2.44]}]"
data/chola_audio_clean/hermes-cca%2F2022-02-08%2F850265bf249cec47883557d98ccc1628%2F8575b0b2-3759-4ce3-827c-256aa3a80ee5.wav,"[{'type': 'SPEECH', 'time-range': [0.78, 1.4]}]"
data/chola_audio_clean/hermes-cca%2F2021-12-18%2F8f9f9e19-552d-4d5e-9c4f-4e8c58331bcd%2F14dd2e03-3a60-437b-99bc-1af889d5fbb9.wav,"[{'type': 'SPEECH', 'time-range': [0.78, 1.4]}]"
data/chola_audio_clean/hermes-cca%2F2022-02-04%2Fd69373f8df7860c4c96cd267bc041624%2F47b2745f-06ea-4697-87de-11e8e2ea6c24.wav,"[{'type': 'SPEECH', 'time-range': [0.78, 1.78]}, {'type': 'SPEECH', 'time-range': [1.88, 3.08]}]"
data/chola_audio_clean/hermes-cca%2F2021-12-18%2Fe759f0ed-a6cf-49fa-987b-dc3e6d444366%2F232987a4-c2b1-4ddb-97d9-7342ab9d66cf.wav,"[{'type': 'SPEECH', 'time-range': [0.78, 2.22]}]"
data/porter_audio_clean/hermes-cca%2F2022-01-22%2F5bc191e2-3f69-4ab0-8ac1-4c6cd3e8470a%2F2674bef9-992a-4b6c-9258-a1247002db7d.wav,"[{'type': 'SPEECH', 'time-range': [0.78, 1.54]}]"
data/chola_audio_clean/hermes-cca%2F2021-11-05%2F8406f4ed-1366-4fc5-970f-3e3dfcc35294%2Fe718c49c-cd0b-470e-9efb-b56a6c7ec741.wav,"[{'type': 'SPEECH', 'time-range': [0.78, 2.94]}]"
data/chola_audio_clean/hermes-cca%2F2022-01-17%2Fddad2716-f596-415a-ae40-925f10abe731%2F196a4d25-6def-473b-b613-15876dfc20ed.wav,"[{'type': 'SPEECH', 'time-range': [0.78, 1.48]}]"
data/porter_audio_clean/hermes-cca%2F2022-02-08%2F9cec0865-aa78-44cc-8fa4-e09aa4d7352c%2Fad23d6e8-43d8-4367-b5a6-2eacbfaf9170.wav,"[{'type': 'SPEECH', 'time-range': [0.78, 1.4]}]"
data/chola_audio_clean/hermes-cca%2F2021-11-05%2F4dd0fe42-2d89-46ae-b8d5-053be22f335f%2Feb8c199f-676f-4a37-a959-516d9a482ff2.wav,"[{'type': 'SPEECH', 'time-range': [0.78, 2.72]}]"
data/chola_audio_clean/hermes-cca%2F2021-12-08%2Ff79fc17b-0461-4115-90e3-0632c00ac35d%2Fa8347116-cae0-43bd-8eb2-3efdfb0bc048.wav,"[{'type': 'SPEECH', 'time-range': [0.78, 2.54]}]"
data/porter_audio_clean/hermes-cca%2F2022-02-08%2F70fde3ae-b8b0-46b4-83d0-edbdc64bfed8%2Fb7684206-6486-4142-99eb-ae919208e99c.wav,"[{'type': 'SPEECH', 'time-range': [0.8, 1.3]}]"
data/chola_audio_clean/hermes-cca%2F2022-01-15%2F1373f039-0b86-468e-b547-49e2dad6c4ad%2Fbd18af80-8d2d-428f-9583-8d2b804147b3.wav,"[{'type': 'NON-SPEECH', 'time-range': [0.8, 3.1]}, {'type': 'SPEECH', 'time-range': [1.12, 3.16]}]"
data/chola_audio_clean/hermes-cca%2F2021-12-18%2F48d826b9-a6c5-46c9-b0b7-e0f240a528d2%2F9c146130-0bf1-4315-bdd0-e61c1706e121.wav,"[{'type': 'SPEECH', 'time-range': [0.8200000000000001, 2.38]}]"
data/porter_audio_clean/hermes-cca%2F2022-01-11%2F72aa0e81-a55e-46e1-8141-314a8936b2f6%2F140ff51c-d15d-4668-958c-692e9a5bd813.wav,"[{'type': 'SPEECH', 'time-range': [0.8200000000000001, 2.62]}]"
data/chola_audio_clean/hermes-cca%2F2022-02-08%2F272a51cc1a4f4d3b01908b1cc3bb1628%2Faffcebfe-55f8-430f-b2a1-95da48c5ba93.wav,"[{'type': 'SPEECH', 'time-range': [0.84, 1.72]}]"
data/chola_audio_clean/hermes-cca%2F2022-02-04%2F92ede873acfab1232a175d724a0a1624%2Ff60acd4a-0b9a-4cd1-b7a6-303abf0097be.wav,"[{'type': 'SPEECH', 'time-range': [0.86, 1.98]}]"
data/porter_audio_clean/hermes-cca%2F2022-02-04%2Fc3c1a698-78f5-44ec-b4e4-30dc7942336f%2F14ab16f8-166b-4116-b4bd-f33d85bdcc4e.wav,"[{'type': 'SPEECH', 'time-range': [0.86, 1.44]}]"
data/porter_audio_clean/hermes-cca%2F2022-01-22%2F55d97c44-6dca-45da-b75b-63d0e8e99afa%2F35435323-aab2-4bf3-9cde-34cd4bb5b804.wav,"[{'type': 'SPEECH', 'time-range': [0.86, 4.1]}]"
data/chola_audio_clean/hermes-cca%2F2022-01-17%2F55a8a806-af75-4e77-9600-50fd57d523d0%2Fea9a7b26-ba84-4d14-961b-c98b6e133454.wav,"[{'type': 'SPEECH', 'time-range': [0.86, 1.32]}]"
data/chola_audio_clean/hermes-cca%2F2021-12-08%2F69693a59-d764-45fd-b9c7-8744f6d93476%2F5185cbb4-49d5-4f5f-8960-def00f2954b8.wav,"[{'type': 'SPEECH', 'time-range': [0.86, 1.64]}, {'type': 'NON-SPEECH', 'time-range': [1.58, 3.02]}]"
data/porter_audio_clean/hermes-cca%2F2022-01-22%2F408652de-71be-43c6-b31a-4ea5e35bdeee%2F84a2f8e3-0309-445a-94c9-d08df343f6f3.wav,"[{'type': 'SPEECH', 'time-range': [0.86, 5.1000000000000005]}, {'type': 'SPEECH', 'time-range': [5.2, 7.26]}]"
data/chola_audio_clean/hermes-cca%2F2022-01-15%2F534af5f4-18af-45a1-953a-ed05805ae102%2F80dac994-313c-495e-8c06-6358102571b8.wav,"[{'type': 'SPEECH', 'time-range': [0.86, 1.88]}]"
data/chola_audio_clean/hermes-cca%2F2021-12-08%2F65062139-d0b6-44ac-b1d5-7d8b4d7601e3%2F430d1b89-a4cc-41bc-867f-67897875b384.wav,"[{'type': 'SPEECH', 'time-range': [0.86, 1.48]}, {'type': 'SPEECH', 'time-range': [2.46, 3.06]}]"
data/chola_audio_clean/hermes-cca%2F2022-01-29%2Fa2896a8820b544871252e9e6688c161t%2F5cb40e13-3640-4487-8b55-d1d7cc4dfcc7.wav,"[{'type': 'SPEECH', 'time-range': [0.86, 1.42]}]"
data/chola_audio_clean/hermes-cca%2F2022-01-29%2Fc18e71a0eccbb0bc7dfd17032998161t%2F46dff342-2cdd-4975-a002-daef8e113b27.wav,"[{'type': 'SPEECH', 'time-range': [0.88, 1.32]}]"
data/porter_audio_clean/hermes-cca%2F2022-01-22%2Ffe5c211a-fcc8-4561-8a0b-dd48a22c5264%2F32580507-8f64-4bd1-9520-aa3117257d36.wav,"[{'type': 'SPEECH', 'time-range': [0.9, 1.88]}, {'type': 'SPEECH', 'time-range': [2.46, 2.78]}]"
data/porter_audio_clean/hermes-cca%2F2022-01-11%2F2b9b8300-c043-4f8a-86f3-36b3dccfa80e%2F2a7099a4-56f0-4eb8-8741-e8288aa3ff3d.wav,"[{'type': 'SPEECH', 'time-range': [0.92, 1.46]}, {'type': 'SPEECH', 'time-range': [2.62, 3.6]}, {'type': 'NON-SPEECH', 'time-range': [3.9, 5.16]}, {'type': 'SPEECH', 'time-range': [3.98, 5.16]}, {'type': 'SPEECH', 'time-range': [5.44, 5.78]}, {'type': 'SPEECH', 'time-range': [6.84, 8.18]}, {'type': 'SPEECH', 'time-range': [8.86, 10.48]}]"
data/chola_audio_clean/hermes-cca%2F2022-02-04%2Fdbef7b40d6533b2c1f61c790313b1624%2F4defb7a7-a9ae-4a48-b82a-d7ac6217699f.wav,"[{'type': 'SPEECH', 'time-range': [0.92, 1.72]}]"
data/chola_audio_clean/hermes-cca%2F2022-01-15%2F3785b732-bfc7-46ff-9c66-2db152b1e8dd%2F7bca3dd9-aa1d-4d75-aeb7-80e21cb84f18.wav,"[{'type': 'SPEECH', 'time-range': [0.94, 1.64]}]"
data/porter_audio_clean/hermes-cca%2F2022-02-11%2Feed47421-c022-49f2-9387-1f997f9267f3%2F8c13b4cf-e21a-483e-9919-53d50f97e617.wav,"[{'type': 'SPEECH', 'time-range': [0.94, 3.16]}]"
data/chola_audio_clean/hermes-cca%2F2022-01-29%2Ff8f57dd805b32f815f501f5ccf5f161t%2Fee57b682-74ab-4e2b-be1e-c87b201155e2.wav,"[{'type': 'SPEECH', 'time-range': [0.94, 1.74]}]"
data/chola_audio_clean/hermes-cca%2F2022-01-29%2Fd74cac0da9c2ee70582d0c2079bc161t%2Fbe6aa2a9-f0c2-4c46-af2d-87bee35a5787.wav,"[{'type': 'SPEECH', 'time-range': [0.94, 2.38]}]"
data/chola_audio_clean/hermes-cca%2F2022-01-30%2Ff864846a6c961336ef3ba08ed7aa161u%2Fa15a154d-4427-45b3-ad33-444aaa80f0e6.wav,"[{'type': 'SPEECH', 'time-range': [0.94, 1.48]}]"
data/chola_audio_clean/hermes-cca%2F2022-02-08%2F6639383bccc255ab8c84b030842b1628%2F201bcf78-7226-46d6-bda6-1c19665fb0e6.wav,"[{'type': 'NON-SPEECH', 'time-range': [0.94, 3.04]}, {'type': 'SPEECH', 'time-range': [1.5, 3.48]}]"
data/chola_audio_clean/hermes-cca%2F2022-02-08%2F059bc07f9658178cafae80ea30a21628%2F10196f9b-a650-40ee-913f-92c7c37b2138.wav,"[{'type': 'SPEECH', 'time-range': [0.94, 1.64]}]"
data/chola_audio_clean/hermes-cca%2F2021-11-05%2F88b9008c-b66b-4cae-8b7d-be7f4d9ef350%2F81018f7c-b0f5-4180-9c68-8cef2c945d91.wav,"[{'type': 'SPEECH', 'time-range': [0.94, 2.38]}]"
data/chola_audio_clean/hermes-cca%2F2022-02-04%2F0136fd5e09496537f78fd762ba231624%2F79033542-b54a-4ddd-9804-536e11f1fc79.wav,"[{'type': 'SPEECH', 'time-range': [0.94, 1.7]}]"
data/chola_audio_clean/hermes-cca%2F2022-02-06%2F2ef7a747763e5a8e9ab1e99866fb1626%2F6fe80077-48f8-4367-8b96-47a1652f8308.wav,"[{'type': 'SPEECH', 'time-range': [0.96, 1.64]}]"
data/chola_audio_clean/hermes-cca%2F2022-02-04%2F04f961ff17352f72ced99c2287c01624%2F146e2bf1-c988-4bd9-8e31-d84480e31c7a.wav,"[{'type': 'SPEECH', 'time-range': [0.96, 2.5]}]"
data/porter_audio_clean/hermes-cca%2F2022-01-11%2F3badeb41-c964-4a48-8411-4fb8f9064a77%2Fe5a11280-9347-40c2-9daf-baec13ba6191.wav,"[{'type': 'SPEECH', 'time-range': [0.96, 3.68]}]"
data/porter_audio_clean/hermes-cca%2F2022-02-11%2Feed47421-c022-49f2-9387-1f997f9267f3%2F306c18c3-4613-4b83-a1e1-ac0644378715.wav,"[{'type': 'SPEECH', 'time-range': [0.96, 4.38]}]"
data/porter_audio_clean/hermes-cca%2F2021-12-28%2Fea7765d7-a947-4ac7-b113-f22eccd4b40f%2F4f0239ff-47e4-43ce-81d0-c7fffed1149e.wav,"[{'type': 'SPEECH', 'time-range': [0.98, 1.32]}, {'type': 'SPEECH', 'time-range': [3.84, 7.24]}]"
data/chola_audio_clean/hermes-cca%2F2022-02-08%2F059bc07f9658178cafae80ea30a21628%2F8dfad5da-a90d-4615-bad3-02b567ddaf72.wav,"[{'type': 'SPEECH', 'time-range': [1.0, 1.42]}, {'type': 'SPEECH', 'time-range': [4.14, 4.5600000000000005]}]"
data/chola_audio_clean/hermes-cca%2F2021-11-05%2F0efcead7-9511-42b7-b4bf-584da56090ed%2Fcc7daad8-5962-4003-8d05-188bf7837690.wav,"[{'type': 'NON-SPEECH', 'time-range': [1.02, 5.32]}, {'type': 'SPEECH', 'time-range': [1.08, 5.34]}]"
data/porter_audio_clean/hermes-cca%2F2022-01-22%2F24043b5e-66ed-45f6-bc7c-9df3ad0b48e1%2F48e3e257-41e8-49a2-b59b-ffe645dfd4ab.wav,"[{'type': 'NON-SPEECH', 'time-range': [1.02, 11.08]}, {'type': 'SPEECH', 'time-range': [1.3, 11.08]}, {'type': 'NON-SPEECH', 'time-range': [11.16, 14.3]}, {'type': 'SPEECH', 'time-range': [11.2, 14.34]}]"
data/chola_audio_clean/hermes-cca%2F2022-02-04%2Fe246cc9d1e2669c5caf82ca8f2ee1624%2F9ccb860d-32c6-4789-8807-3bac60da4718.wav,"[{'type': 'SPEECH', 'time-range': [1.02, 1.88]}]"
data/porter_audio_clean/hermes-cca%2F2021-12-31%2F82c23524-2c30-475b-bc4d-70dee2a384a0%2Fcfa6d878-5843-47b7-82d7-3b0ffe37125e.wav,"[{'type': 'SPEECH', 'time-range': [1.02, 5.18]}]"
data/chola_audio_clean/hermes-cca%2F2021-12-18%2F143d1f33-b6db-4961-8631-e3dfd187a333%2F74923592-86e8-4992-803e-10d9fc9bc9b1.wav,"[{'type': 'SPEECH', 'time-range': [1.02, 1.64]}]"
data/porter_audio_clean/hermes-cca%2F2022-01-11%2F1485aae1-0266-4c0a-a8ce-a547f5fb7d55%2F8cfc3503-be66-4c28-b1c9-39c71c9df6ad.wav,"[{'type': 'SPEECH', 'time-range': [1.02, 2.34]}, {'type': 'SPEECH', 'time-range': [2.46, 4.46]}]"
data/porter_audio_clean/hermes-cca%2F2022-02-09%2Fc05118d0-efd8-40bd-91ab-4f6698d12829%2F39679556-47fc-4183-ab42-ccf1fd99a11e.wav,"[{'type': 'SPEECH', 'time-range': [1.02, 4.04]}, {'type': 'SPEECH', 'time-range': [4.18, 5.98]}, {'type': 'SPEECH', 'time-range': [6.4, 7.8]}, {'type': 'NON-SPEECH', 'time-range': [6.4, 7.72]}]"
data/chola_audio_clean/hermes-cca%2F2021-12-08%2Fe0412831-11e4-4e5b-bf5a-f28008780944%2Fc38feaab-519b-431d-af2d-6a8395cc0325.wav,"[{'type': 'SPEECH', 'time-range': [1.02, 3.02]}]"
data/porter_audio_clean/hermes-cca%2F2022-01-11%2F3badeb41-c964-4a48-8411-4fb8f9064a77%2Fa16382d7-9d86-4dad-a86b-7e3183926a67.wav,"[{'type': 'SPEECH', 'time-range': [1.02, 1.64]}]"
data/porter_audio_clean/hermes-cca%2F2022-01-11%2Fa0984572-624f-46be-9729-7c36ae61e88c%2F2c3e91fd-e972-4611-9169-11665b669036.wav,"[{'type': 'SPEECH', 'time-range': [1.02, 1.74]}]"
data/porter_audio_clean/hermes-cca%2F2022-01-27%2F3f3d3c32-4c41-4e4f-9343-5578ea05bbe1%2F505c4cdf-6fc1-4db9-997a-50d4a60ac08f.wav,"[{'type': 'SPEECH', 'time-range': [1.02, 5.0]}, {'type': 'SPEECH', 'time-range': [5.36, 7.94]}]"
data/chola_audio_clean/hermes-cca%2F2022-02-11%2F6c4507e9-7591-42b4-bbe1-224a99592c7e%2F88b810b3-ad62-44a9-9023-b70dbfd6dad0.wav,"[{'type': 'SPEECH', 'time-range': [1.02, 1.52]}, {'type': 'SPEECH', 'time-range': [2.46, 6.1000000000000005]}]"
data/chola_audio_clean/hermes-cca%2F2022-02-07%2F9a571598ddbe64395fc4673aacc71627%2Feb2abe8f-8e73-4227-8f85-275448706d57.wav,"[{'type': 'NON-SPEECH', 'time-range': [1.02, 4.42]}, {'type': 'SPEECH', 'time-range': [1.16, 1.68]}, {'type': 'SPEECH', 'time-range': [2.78, 4.5600000000000005]}]"
data/chola_audio_clean/hermes-cca%2F2022-02-11%2F3d7fadaa-cb52-414c-a828-3795ed49b036%2Ff21f0c52-b181-4456-b827-6a6e43d0625d.wav,"[{'type': 'SPEECH', 'time-range': [1.02, 5.0]}]"
data/chola_audio_clean/hermes-cca%2F2021-12-08%2F295ce777-6876-40e0-8949-8f19c3f83f86%2Fe02ca3cd-6a96-485e-ace1-4b457da314ef.wav,"[{'type': 'SPEECH', 'time-range': [1.04, 3.5]}, {'type': 'SPEECH', 'time-range': [3.66, 4.24]}]"
data/chola_audio_clean/hermes-cca%2F2022-02-11%2Fcbd35bda-5721-4c28-a76b-6d4bf88dbe3f%2Fa5360bef-8066-4dcd-8819-fab354f9daff.wav,"[{'type': 'SPEECH', 'time-range': [1.04, 5.96]}, {'type': 'NON-SPEECH', 'time-range': [1.18, 5.9]}]"
data/chola_audio_clean/hermes-cca%2F2021-12-08%2Ffb3a1dad-c24b-4f53-95d3-2ea353984b51%2F5a30c685-af0a-43be-8432-6ba70ae4efe7.wav,"[{'type': 'SPEECH', 'time-range': [1.04, 2.74]}]"
data/porter_audio_clean/hermes-cca%2F2022-02-08%2Fc9a6f713-d3c6-426f-a3de-9b95317614ea%2F12fe681c-e774-45f0-b8cf-f6c6a189bb80.wav,"[{'type': 'SPEECH', 'time-range': [1.04, 1.96]}, {'type': 'SPEECH', 'time-range': [2.26, 4.2]}]"
data/chola_audio_clean/hermes-cca%2F2022-01-29%2Fbcbff4be804b270f612df473d71a161t%2F073bc9da-d754-4ea8-a367-2ca911b04a25.wav,"[{'type': 'SPEECH', 'time-range': [1.06, 1.64]}]"
data/chola_audio_clean/hermes-cca%2F2022-02-07%2F286aa01ac68ce587470398325d4c1627%2F73fcc88e-58e3-4753-898c-d61655910ef7.wav,"[{'type': 'SPEECH', 'time-range': [1.06, 3.6]}]"
data/porter_audio_clean/hermes-cca%2F2022-01-11%2F1f25d805-b3b8-449c-96d0-1a8cd6b1fed0%2F83b1e88b-234c-44a0-95db-5cecf75bbd54.wav,"[{'type': 'SPEECH', 'time-range': [1.08, 1.62]}]"
data/chola_audio_clean/hermes-cca%2F2021-11-05%2Fa18a2dc4-8cbb-4596-aeab-fa06b2e43316%2F5aaf92ae-aa38-475c-8a6b-2389e20948dd.wav,"[{'type': 'SPEECH', 'time-range': [1.08, 3.42]}]"
data/chola_audio_clean/hermes-cca%2F2022-02-08%2F73f9422e487be2516884b55eb3de1628%2F2bec0564-d0ab-4eea-84ec-332edf4b6222.wav,"[{'type': 'SPEECH', 'time-range': [1.08, 2.88]}]"
data/chola_audio_clean/hermes-cca%2F2022-02-08%2F11adfcf2c833a6b44701b1604e161628%2F2a36c59c-8995-499e-96fb-ff4c597a2972.wav,"[{'type': 'SPEECH', 'time-range': [1.1, 2.54]}]"
data/porter_audio_clean/hermes-cca%2F2022-01-27%2F00391afd-51f2-463c-aef1-547f6615a8a1%2Fc45b52c2-e5d2-4395-b7c2-46e66f2926ed.wav,"[{'type': 'NON-SPEECH', 'time-range': [1.1, 8.2]}, {'type': 'SPEECH', 'time-range': [1.26, 6.36]}, {'type': 'SPEECH', 'time-range': [6.7, 8.2]}]"
data/chola_audio_clean/hermes-cca%2F2022-02-04%2Fdbef7b40d6533b2c1f61c790313b1624%2Fca27b781-a322-494e-9fb6-655862646e03.wav,"[{'type': 'SPEECH', 'time-range': [1.1, 2.6]}]"
data/porter_audio_clean/hermes-cca%2F2021-12-31%2Fc119da92-49fc-42a9-a645-c2df94b1c759%2F11f8c10e-e2f7-43e4-b3bd-4f2a15ad6a8c.wav,"[{'type': 'SPEECH', 'time-range': [1.1, 4.14]}]"
data/chola_audio_clean/hermes-cca%2F2022-01-17%2Ffd213d6d-1443-4c7b-b765-46a0d0ed98bd%2Fdc6b6d78-cb24-421c-b665-f4a1a467ecd8.wav,"[{'type': 'SPEECH', 'time-range': [1.1, 2.86]}]"
data/porter_audio_clean/hermes-cca%2F2021-12-31%2F0cf45299-81e3-44c6-ba2b-d5b6edad2862%2Fa99173a7-c57d-4d32-a46c-3c36fb4b7ae3.wav,"[{'type': 'SPEECH', 'time-range': [1.1, 4.78]}]"
data/chola_audio_clean/hermes-cca%2F2022-01-29%2F9b9095555b5ec013e6093a7fd5fa161t%2Fda7bc214-a99b-4e6a-9db7-05634efbcc24.wav,"[{'type': 'SPEECH', 'time-range': [1.1, 1.82]}]"
data/chola_audio_clean/hermes-cca%2F2022-01-17%2Fe01aabfa-831c-4a17-a5c9-4b42aff9d6a1%2F4d38a8e1-2190-4dee-b59b-3311a6bfc243.wav,"[{'type': 'SPEECH', 'time-range': [1.1, 2.92]}]"
data/chola_audio_clean/hermes-cca%2F2022-01-15%2F1373f039-0b86-468e-b547-49e2dad6c4ad%2F28302ae4-8784-4619-878f-a50d0917185c.wav,"[{'type': 'NON-SPEECH', 'time-range': [1.1, 3.66]}, {'type': 'SPEECH', 'time-range': [1.12, 3.76]}]"
data/chola_audio_clean/hermes-cca%2F2021-12-08%2F355a7b2e-c60b-4e2c-8156-0ff18749c850%2Fd87d8377-da01-41ac-ad0c-5e521bc1b74a.wav,"[{'type': 'SPEECH', 'time-range': [1.12, 3.42]}]"
data/chola_audio_clean/hermes-cca%2F2021-11-05%2Ff96fc8fd-e05f-464f-b955-b87f2c18819c%2F66daf836-0873-432e-ad24-62279b9b95e9.wav,"[{'type': 'NON-SPEECH', 'time-range': [1.12, 5.54]}, {'type': 'SPEECH', 'time-range': [1.14, 5.5]}]"
data/chola_audio_clean/hermes-cca%2F2022-02-04%2F831a326d6c1cdf6c171d132273171624%2F43cc4a31-fcee-4ad1-be9a-5878589161c6.wav,"[{'type': 'SPEECH', 'time-range': [1.14, 3.36]}]"
data/chola_audio_clean/hermes-cca%2F2022-01-17%2Fdeb6ec56-9c43-48c7-b1e1-d33194a3084a%2F2311d688-e142-44f7-8b38-59a87b25eb7a.wav,"[{'type': 'SPEECH', 'time-range': [1.14, 3.84]}]"
data/chola_audio_clean/hermes-cca%2F2022-01-29%2F5d0703fb5685c3a2e90206a80e14161t%2F5faca25e-8801-4fba-841d-d28f6287e8f6.wav,"[{'type': 'SPEECH', 'time-range': [1.14, 5.34]}, {'type': 'NON-SPEECH', 'time-range': [5.36, 10.06]}, {'type': 'SPEECH', 'time-range': [5.38, 8.48]}, {'type': 'SPEECH', 'time-range': [8.66, 10.06]}]"
data/porter_audio_clean/hermes-cca%2F2022-01-04%2Fb5b1057d-7cea-423b-a447-ff272ac7d7a8%2F1f295ed8-0ade-4855-9b22-1160ce22504e.wav,"[{'type': 'SPEECH', 'time-range': [1.14, 4.48]}]"
data/chola_audio_clean/hermes-cca%2F2022-01-17%2Ffd213d6d-1443-4c7b-b765-46a0d0ed98bd%2Fa6f8ea71-1eac-4fb1-9707-47fe611d44ba.wav,"[{'type': 'SPEECH', 'time-range': [1.14, 1.98]}]"
data/chola_audio_clean/hermes-cca%2F2021-11-05%2F1cd50973-3062-4c45-b25e-fa515c76e74f%2F05d70858-9997-4d5a-b4e2-b9e1c1a6a934.wav,"[{'type': 'NON-SPEECH', 'time-range': [1.14, 3.72]}, {'type': 'SPEECH', 'time-range': [1.64, 3.82]}]"
data/porter_audio_clean/hermes-cca%2F2022-01-11%2Fc63d78d3-3af9-4bdb-ae16-92400ce1a2ff%2Fdf28977e-c59f-49e2-8280-1807827cf901.wav,"[{'type': 'SPEECH', 'time-range': [1.16, 3.84]}, {'type': 'SPEECH', 'time-range': [4.0, 6.0600000000000005]}]"
data/chola_audio_clean/hermes-cca%2F2022-02-04%2F831a326d6c1cdf6c171d132273171624%2F79dcf9ab-81c6-435b-aff5-c2b4ec3fae43.wav,"[{'type': 'SPEECH', 'time-range': [1.18, 1.72]}]"
data/chola_audio_clean/hermes-cca%2F2021-12-08%2F65062139-d0b6-44ac-b1d5-7d8b4d7601e3%2Fdc261bf0-49b3-48cb-9fe9-401ce5f46f02.wav,"[{'type': 'SPEECH', 'time-range': [1.18, 2.62]}]"
data/chola_audio_clean/hermes-cca%2F2022-01-29%2Ffb2c3c6790dd5bd59d45cbd990c3161t%2F56b6f5e8-ffbe-4f61-ac83-3c1c4355afd5.wav,"[{'type': 'SPEECH', 'time-range': [1.18, 2.28]}]"
data/chola_audio_clean/hermes-cca%2F2021-11-05%2F44440dee-839b-4efd-8ed1-86ab4719c8b3%2F2b2d9672-c011-48a3-abf4-d98a7bdf8da8.wav,"[{'type': 'SPEECH', 'time-range': [1.2, 2.14]}]"
data/chola_audio_clean/hermes-cca%2F2021-11-05%2Ff96fc8fd-e05f-464f-b955-b87f2c18819c%2F3904dbdc-717e-406e-8723-4b5ed4a20593.wav,"[{'type': 'NON-SPEECH', 'time-range': [1.2, 3.2]}, {'type': 'SPEECH', 'time-range': [1.26, 3.26]}]"
data/chola_audio_clean/hermes-cca%2F2022-01-29%2F57cfcdcbac69f17ea7bb6cfa3c9a161t%2F23d766c0-236d-44f5-8f4b-f2e37b9b27b4.wav,"[{'type': 'SPEECH', 'time-range': [1.2, 1.9]}]"
data/chola_audio_clean/hermes-cca%2F2021-11-05%2F6135dc4e-4455-41c9-b498-182a4687f8a9%2Fa5d6ea19-189b-4885-86c9-fac8c15fc5ec.wav,"[{'type': 'SPEECH', 'time-range': [1.2, 2.36]}, {'type': 'NON-SPEECH', 'time-range': [2.84, 4.26]}, {'type': 'SPEECH', 'time-range': [2.86, 4.34]}]"
data/chola_audio_clean/hermes-cca%2F2022-02-08%2F3da64f08ccca6998bde407354ab31628%2Fd76a84d6-6ac9-4f36-b95b-ce8fa45138b3.wav,"[{'type': 'SPEECH', 'time-range': [1.22, 1.72]}, {'type': 'SPEECH', 'time-range': [2.1, 3.06]}]"
data/chola_audio_clean/hermes-cca%2F2021-11-05%2F44440dee-839b-4efd-8ed1-86ab4719c8b3%2Ff82f8720-5c8c-4bf3-8308-12fe1890b693.wav,"[{'type': 'SPEECH', 'time-range': [1.22, 2.46]}]"
data/porter_audio_clean/hermes-cca%2F2022-01-11%2F72aa0e81-a55e-46e1-8141-314a8936b2f6%2F4edd0af8-803d-4a9f-84c2-497bd5426c50.wav,"[{'type': 'SPEECH', 'time-range': [1.24, 2.76]}, {'type': 'SPEECH', 'time-range': [2.88, 5.26]}, {'type': 'NON-SPEECH', 'time-range': [6.0, 8.2]}, {'type': 'SPEECH', 'time-range': [6.08, 8.2]}]"
data/chola_audio_clean/hermes-cca%2F2022-02-08%2F11adfcf2c833a6b44701b1604e161628%2Ff6ee6eab-be03-4bb2-9586-4305dfc5595c.wav,"[{'type': 'SPEECH', 'time-range': [1.24, 1.88]}]"
data/chola_audio_clean/hermes-cca%2F2022-02-04%2Fddf92c20406c1a68d3f13007a3b31624%2Fcd165c6c-aacc-4dd0-8d68-ffd9fdf0a607.wav,"[{'type': 'SPEECH', 'time-range': [1.26, 2.04]}]"
data/chola_audio_clean/hermes-cca%2F2022-01-15%2Fd9b692cf-0e36-45c1-bb85-7f3bdfd59657%2F3afe175c-e867-4631-b53f-9b6b539eaf17.wav,"[{'type': 'SPEECH', 'time-range': [1.26, 1.9]}]"
data/porter_audio_clean/hermes-cca%2F2022-01-11%2F8411925c-8097-49b4-a334-042658f4a005%2F02713a26-7dc3-4be0-abe8-84acb388f7ff.wav,"[{'type': 'SPEECH', 'time-range': [1.26, 4.28]}]"
data/chola_audio_clean/hermes-cca%2F2022-01-29%2F809536f73e841825076b48431812161t%2F5a6e065a-900c-4061-8b6c-0ae2ce969ca8.wav,"[{'type': 'SPEECH', 'time-range': [1.26, 3.0]}, {'type': 'SPEECH', 'time-range': [3.34, 3.84]}]"
data/chola_audio_clean/hermes-cca%2F2022-02-08%2Fe81e08eb5cf39d26640d8c0ec0271628%2Faee73c0e-ae46-4573-90d7-26af4a223601.wav,"[{'type': 'SPEECH', 'time-range': [1.26, 3.56]}]"
data/porter_audio_clean/hermes-cca%2F2021-12-28%2F70c8d326-791c-4149-a5a3-080eb0358360%2Fea01c4f9-a2d4-42c5-bee5-fbde5caae9e1.wav,"[{'type': 'SPEECH', 'time-range': [1.26, 2.04]}, {'type': 'SPEECH', 'time-range': [2.3000000000000003, 2.78]}, {'type': 'SPEECH', 'time-range': [3.02, 4.6000000000000005]}]"
data/porter_audio_clean/hermes-cca%2F2022-02-08%2F0f113310-c26a-4844-89be-a17242d9809a%2F67914a62-a285-4501-b8d9-1bba41908cc1.wav,"[{'type': 'SPEECH', 'time-range': [1.26, 3.4]}]"
data/porter_audio_clean/hermes-cca%2F2022-01-05%2Fe69fdbd3-748b-4f52-863a-6855b9f37f37%2Fadd0f86c-e424-4a86-b69a-59560d3acfe1.wav,"[{'type': 'SPEECH', 'time-range': [1.26, 3.0]}, {'type': 'SPEECH', 'time-range': [3.28, 5.74]}]"
data/chola_audio_clean/hermes-cca%2F2022-02-11%2Fb108908c-ae2d-44f8-bd63-d353d20991df%2F0c4e892c-8c09-4f97-ba85-de219dd10c2c.wav,"[{'type': 'SPEECH', 'time-range': [1.28, 4.48]}]"
data/chola_audio_clean/hermes-cca%2F2021-11-05%2F9620c12d-49f4-4b45-bc50-33d07932fe40%2Fc65b6a5e-b26a-4bae-9d86-206dbb6fa286.wav,"[{'type': 'SPEECH', 'time-range': [1.28, 2.14]}]"
data/chola_audio_clean/hermes-cca%2F2022-02-08%2F4cdec32afc0932c435824cca582e1628%2Fa88c362a-67f9-4616-a10b-891e72a6b5d6.wav,"[{'type': 'NON-SPEECH', 'time-range': [1.3, 3.36]}, {'type': 'SPEECH', 'time-range': [1.32, 3.46]}]"
data/chola_audio_clean/hermes-cca%2F2022-01-17%2Ffd213d6d-1443-4c7b-b765-46a0d0ed98bd%2Fbb3e6a78-f8d7-417e-937f-e21f63187d18.wav,"[{'type': 'SPEECH', 'time-range': [1.3, 3.34]}]"
data/chola_audio_clean/hermes-cca%2F2021-11-05%2Fc3991aa7-1759-4360-b100-0faaa28397e9%2F25d27084-aefd-4a35-9cf5-131c192c1707.wav,"[{'type': 'SPEECH', 'time-range': [1.3, 1.8]}, {'type': 'SPEECH', 'time-range': [2.0, 3.84]}]"
data/porter_audio_clean/hermes-cca%2F2021-12-27%2F48baff35-4233-4810-8918-0a74b96a309f%2F7dad8776-5871-4f24-becc-10f452e5418e.wav,"[{'type': 'SPEECH', 'time-range': [1.32, 2.96]}]"
data/chola_audio_clean/hermes-cca%2F2021-11-05%2F7c6c52d0-9678-4249-8d62-65e03dd44096%2Fe1da6b06-01ba-493a-a57f-d82a41c6f66e.wav,"[{'type': 'SPEECH', 'time-range': [1.32, 4.36]}, {'type': 'NON-SPEECH', 'time-range': [1.34, 4.34]}]"
data/chola_audio_clean/hermes-cca%2F2021-11-05%2F8abc664d-467b-4c48-96d4-4e97d63a4763%2F9219876c-db61-4236-afc2-c3664bc6d05c.wav,"[{'type': 'SPEECH', 'time-range': [1.32, 3.96]}]"
data/chola_audio_clean/hermes-cca%2F2022-02-04%2Fd45869f926ac0042901bd00f22321624%2F91151796-8374-49c9-96e9-47ca6ef49a84.wav,"[{'type': 'SPEECH', 'time-range': [1.32, 2.04]}]"
data/chola_audio_clean/hermes-cca%2F2022-02-08%2F397eb737ce7cf2ad971e66c3249c1628%2Fb3fbca7d-30c2-487a-a095-aa5944647760.wav,"[{'type': 'NON-SPEECH', 'time-range': [1.32, 3.16]}, {'type': 'SPEECH', 'time-range': [1.36, 3.2]}, {'type': 'SPEECH', 'time-range': [4.08, 4.5600000000000005]}]"
data/porter_audio_clean/hermes-cca%2F2022-01-22%2F8aaa5773-84f0-4992-b10d-2c70d806f675%2F58c79f27-ea10-4f03-bfd3-47f24c058039.wav,"[{'type': 'SPEECH', 'time-range': [1.32, 3.64]}, {'type': 'SPEECH', 'time-range': [3.82, 5.44]}]"
data/chola_audio_clean/hermes-cca%2F2022-01-29%2Fa76d874f9bbe444ef9e5c7198a80161t%2Fbc8b8826-32e0-4f5c-86ae-15a29a5ee339.wav,"[{'type': 'SPEECH', 'time-range': [1.34, 3.08]}]"
data/porter_audio_clean/hermes-cca%2F2022-01-11%2Fa9e49299-e906-483e-a6cd-e322115bf9ac%2Fd95ef0a3-2315-4023-8295-f43367071d14.wav,"[{'type': 'SPEECH', 'time-range': [1.34, 4.32]}]"
data/chola_audio_clean/hermes-cca%2F2021-12-18%2F113d0ebb-2aff-4550-96a6-8b06b65c69d2%2F98f43807-e9ed-416e-aa5b-d571e9675e39.wav,"[{'type': 'SPEECH', 'time-range': [1.34, 3.34]}, {'type': 'SPEECH', 'time-range': [3.86, 6.140000000000001]}]"
data/chola_audio_clean/hermes-cca%2F2022-02-07%2Fc69be75515738170dd7995a0cc021627%2Fe1cba3a4-e2c0-49a7-845f-9ab47d6bf823.wav,"[{'type': 'SPEECH', 'time-range': [1.34, 1.74]}]"
data/porter_audio_clean/hermes-cca%2F2022-01-11%2Fe2fb6f98-10bd-437a-93e6-94fd60ed1869%2F15540bc9-c892-4e41-9195-4a3a67c19901.wav,"[{'type': 'SPEECH', 'time-range': [1.34, 4.3]}, {'type': 'SPEECH', 'time-range': [4.62, 8.72]}]"
data/chola_audio_clean/hermes-cca%2F2022-02-08%2Fb0d94bc4fc432b1e5396340b71a81628%2Fb35d259c-b6f7-49b2-b081-749897b9ddcb.wav,"[{'type': 'SPEECH', 'time-range': [1.34, 2.58]}]"
data/chola_audio_clean/hermes-cca%2F2022-02-04%2F92ede873acfab1232a175d724a0a1624%2F9a4dc6e7-8530-4c1e-9a2c-c9fd12bd05a4.wav,"[{'type': 'SPEECH', 'time-range': [1.34, 2.26]}, {'type': 'SPEECH', 'time-range': [2.46, 3.66]}]"
data/porter_audio_clean/hermes-cca%2F2022-01-11%2F72aa0e81-a55e-46e1-8141-314a8936b2f6%2F52dd7464-7cf7-4573-92a5-c5c3eba3124c.wav,"[{'type': 'SPEECH', 'time-range': [1.34, 2.06]}]"
data/porter_audio_clean/hermes-cca%2F2022-01-22%2F6f7f4e94-564f-41ab-97c1-569075e3b727%2Fea2f1e60-0997-4ae2-9166-e95c5c0ba8c7.wav,"[{'type': 'SPEECH', 'time-range': [1.34, 1.8]}, {'type': 'SPEECH', 'time-range': [1.9, 4.94]}, {'type': 'SPEECH', 'time-range': [5.72, 7.76]}]"
data/porter_audio_clean/hermes-cca%2F2022-01-22%2Fd07c9d73-60d9-47d1-acfd-d727f264767d%2F74c5d1ad-5449-4f17-8903-cccaab585401.wav,"[{'type': 'SPEECH', 'time-range': [1.34, 3.68]}]"
data/chola_audio_clean/hermes-cca%2F2022-02-04%2Fe246cc9d1e2669c5caf82ca8f2ee1624%2Fbd75badb-7dd8-4df2-854a-95c6dafd8f43.wav,"[{'type': 'SPEECH', 'time-range': [1.36, 3.36]}]"
data/chola_audio_clean/hermes-cca%2F2022-01-17%2F816a1445-56e1-49bb-afdd-3be16b90bdb2%2Ff2a0f551-ddd8-4e46-9f6e-fbe32b386596.wav,"[{'type': 'SPEECH', 'time-range': [1.36, 3.34]}]"
data/chola_audio_clean/hermes-cca%2F2021-11-05%2F08b7d538-b297-4e0d-9793-72aa944b8ae3%2Fef36f280-d2e3-41de-a026-b495a560a785.wav,"[{'type': 'NON-SPEECH', 'time-range': [1.36, 3.16]}, {'type': 'SPEECH', 'time-range': [1.42, 3.18]}]"
data/porter_audio_clean/hermes-cca%2F2021-12-28%2F6025aa11-4077-4761-abab-45a32901d1d9%2F3951ed1e-e979-421d-9e26-dd20fde8ac84.wav,"[{'type': 'SPEECH', 'time-range': [1.38, 4.92]}]"
data/chola_audio_clean/hermes-cca%2F2021-12-18%2Fde4051b4-a722-487b-841a-ea33b6350179%2F7f460a6c-80b1-4b86-abaa-5d3febbfd2db.wav,"[{'type': 'SPEECH', 'time-range': [1.42, 3.4]}]"
data/porter_audio_clean/hermes-cca%2F2022-01-11%2F1485aae1-0266-4c0a-a8ce-a547f5fb7d55%2Ffc8b018d-1046-43db-afac-e2375ca9af71.wav,"[{'type': 'SPEECH', 'time-range': [1.42, 4.2]}, {'type': 'SPEECH', 'time-range': [4.58, 7.32]}]"
data/chola_audio_clean/hermes-cca%2F2022-02-08%2Faf4a8d294e6f842ce36d8e74d3111628%2Fffd0909e-50ab-4ae8-9c35-69581f1ecf27.wav,"[{'type': 'SPEECH', 'time-range': [1.42, 1.96]}]"
data/chola_audio_clean/hermes-cca%2F2022-01-29%2Fd893aec5580409669194d584ed2c161t%2F19c1b839-0e93-4471-95cf-0d22136da7bc.wav,"[{'type': 'SPEECH', 'time-range': [1.42, 4.66]}]"
data/porter_audio_clean/hermes-cca%2F2022-02-08%2F14cd2d3b-9a06-4a0d-b827-707e85379c67%2Fd5fe12cf-2792-4418-9fbf-909b7b161599.wav,"[{'type': 'SPEECH', 'time-range': [1.42, 6.66]}]"
data/porter_audio_clean/hermes-cca%2F2022-01-31%2F71181325-2a2b-4b70-b76c-099df2af197d%2F8bcdb317-0f1f-4165-bf2d-68b827787dec.wav,"[{'type': 'NON-SPEECH', 'time-range': [1.42, 3.64]}, {'type': 'SPEECH', 'time-range': [3.44, 4.26]}]"
data/chola_audio_clean/hermes-cca%2F2022-01-29%2F809536f73e841825076b48431812161t%2Fea7c70fd-88cf-457f-a23f-e082494a957f.wav,"[{'type': 'SPEECH', 'time-range': [1.42, 1.72]}, {'type': 'SPEECH', 'time-range': [2.14, 4.0]}, {'type': 'SPEECH', 'time-range': [4.26, 5.12]}]"
data/chola_audio_clean/hermes-cca%2F2021-12-08%2Fe0412831-11e4-4e5b-bf5a-f28008780944%2Fdd056efb-acd0-4363-b594-bb3425e4c0d4.wav,"[{'type': 'SPEECH', 'time-range': [1.42, 1.9]}]"
data/chola_audio_clean/hermes-cca%2F2021-11-05%2F4e38babe-af23-4b99-aed1-c98dd91429b3%2Fa55ef3f9-9661-4f50-9a5e-bec0bcdc54c2.wav,"[{'type': 'SPEECH', 'time-range': [1.44, 3.02]}]"
data/chola_audio_clean/hermes-cca%2F2021-11-05%2F3971ae8d-8cab-4fd2-a7a0-c09998ac115a%2Ffd642113-f6d2-4d0f-ac29-6d3722839891.wav,"[{'type': 'SPEECH', 'time-range': [1.44, 3.5]}]"
data/porter_audio_clean/hermes-cca%2F2022-01-22%2F46615329-8953-42cf-bdfb-010cfa77aa79%2Fd7f8f5b2-3fbd-44ed-aa16-d691f66fe257.wav,"[{'type': 'SPEECH', 'time-range': [1.44, 1.82]}]"
data/porter_audio_clean/hermes-cca%2F2022-01-22%2Faae14f13-46d3-4bf3-9e2a-68b73775427f%2F0d38d165-5ee6-4b0d-8f96-ae2812f9c087.wav,"[{'type': 'NON-SPEECH', 'time-range': [1.44, 8.8]}]"
data/porter_audio_clean/hermes-cca%2F2022-02-09%2F40bb0b62-31b8-4f32-bbda-a4cd69502c52%2Ffe4ae919-e832-41e2-a6d7-06281f0b807a.wav,"[{'type': 'SPEECH', 'time-range': [1.46, 2.94]}]"
data/chola_audio_clean/hermes-cca%2F2022-02-11%2F6bc0cebb-6937-4052-a086-650d063e2c78%2F086e9b74-501b-4183-844a-b8c32dfaaf99.wav,"[{'type': 'SPEECH', 'time-range': [1.46, 2.16]}]"
data/porter_audio_clean/hermes-cca%2F2022-01-11%2F9d3e21e3-1cb4-4f53-83d0-b33fe23f521d%2Fc245bb50-d445-4fc6-8b2e-6d7dfe858904.wav,"[{'type': 'SPEECH', 'time-range': [1.5, 3.0]}]"
data/porter_audio_clean/hermes-cca%2F2022-01-11%2Fa0984572-624f-46be-9729-7c36ae61e88c%2Fa68ec0a8-b027-4979-913c-84b67f778c7a.wav,"[{'type': 'SPEECH', 'time-range': [1.5, 2.22]}]"
data/chola_audio_clean/hermes-cca%2F2021-11-05%2Ff89901bd-2474-477d-ac54-dbe23eff674c%2Ff7043ad4-599b-4120-9fbc-bf0572a3a58d.wav,"[{'type': 'SPEECH', 'time-range': [1.5, 3.18]}]"
data/chola_audio_clean/hermes-cca%2F2022-02-08%2Fb0d94bc4fc432b1e5396340b71a81628%2F11deeab4-5e9e-440e-b8c9-bae6bf174487.wav,"[{'type': 'SPEECH', 'time-range': [1.5, 2.8000000000000003]}]"
data/chola_audio_clean/hermes-cca%2F2021-12-18%2Fde4051b4-a722-487b-841a-ea33b6350179%2F236131a4-8930-48ea-b963-0a6a9df4d64c.wav,"[{'type': 'SPEECH', 'time-range': [1.5, 2.06]}]"
data/porter_audio_clean/hermes-cca%2F2022-01-27%2F3cce0128-2ebd-4d27-b2d4-5d26980b9353%2Fe312fbe6-3fac-4839-b024-b90c5753cb3b.wav,"[{'type': 'SPEECH', 'time-range': [1.52, 2.3000000000000003]}, {'type': 'SPEECH', 'time-range': [2.56, 4.86]}]"
data/chola_audio_clean/hermes-cca%2F2021-11-05%2F62e24ad4-68de-411f-8d5b-27f0b90c4a2c%2Fb426a237-bac2-4b49-b74f-8ae80624e08b.wav,"[{'type': 'NON-SPEECH', 'time-range': [1.58, 5.08]}, {'type': 'SPEECH', 'time-range': [1.9, 5.16]}]"
data/chola_audio_clean/hermes-cca%2F2021-12-04%2F0eb82084-aabc-427b-a8e9-4be1959367b3%2Fc9a1e14a-055b-4416-903e-e9ff62985aeb.wav,"[{'type': 'NON-SPEECH', 'time-range': [1.58, 3.74]}]"
data/porter_audio_clean/hermes-cca%2F2022-02-11%2Feed47421-c022-49f2-9387-1f997f9267f3%2Fffd95af5-079c-4df4-adb0-ace317826c0d.wav,"[{'type': 'SPEECH', 'time-range': [1.58, 5.32]}]"
data/chola_audio_clean/hermes-cca%2F2022-02-06%2F0ab2ca93094152d6dabfc033421b1626%2F380922bc-73e9-43e3-abdf-c6a8bd257248.wav,"[{'type': 'SPEECH', 'time-range': [1.58, 2.88]}]"
data/porter_audio_clean/hermes-cca%2F2022-01-11%2F29c0ecb0-46d5-4ee0-8d35-eba0566fee16%2Fd5f44ae7-c3ee-460b-9651-cbe7a53ae6f2.wav,"[{'type': 'SPEECH', 'time-range': [1.6, 4.0600000000000005]}]"
data/chola_audio_clean/hermes-cca%2F2022-02-08%2F9ee147027b9552557025736890db1628%2F4781e6f7-06a6-4710-8b71-bf57dbe593db.wav,"[{'type': 'SPEECH', 'time-range': [1.6, 2.7]}]"
data/porter_audio_clean/hermes-cca%2F2022-01-11%2F50d060fd-918b-4271-ab59-d6a7c76eb0c4%2Fe06f4329-6bb1-437c-a5e7-5492680bbc07.wav,"[{'type': 'SPEECH', 'time-range': [1.6, 3.18]}, {'type': 'NON-SPEECH', 'time-range': [3.3200000000000003, 7.98]}, {'type': 'SPEECH', 'time-range': [3.62, 8.2]}]"
data/chola_audio_clean/hermes-cca%2F2022-02-08%2F084f152c51f09884a3f0a28b920f1628%2F111c1a34-6c88-4b8d-aafc-813451a238af.wav,"[{'type': 'SPEECH', 'time-range': [1.6, 2.28]}, {'type': 'SPEECH', 'time-range': [3.46, 4.72]}, {'type': 'NON-SPEECH', 'time-range': [4.34, 6.0600000000000005]}]"
data/porter_audio_clean/hermes-cca%2F2021-12-28%2F07219435-7e42-48c3-aefe-67afe2581aab%2F14f52b0e-245f-4ccb-82d1-254aa0d0b814.wav,"[{'type': 'SPEECH', 'time-range': [1.6, 2.22]}]"
data/chola_audio_clean/hermes-cca%2F2022-01-30%2Fb94d7a1243f222788f536edb3ce9161u%2F592fba37-9631-4aa8-9e44-e745813a9916.wav,"[{'type': 'SPEECH', 'time-range': [1.62, 2.84]}, {'type': 'SPEECH', 'time-range': [2.98, 4.48]}]"
data/chola_audio_clean/hermes-cca%2F2022-02-04%2F92ede873acfab1232a175d724a0a1624%2F084ab034-e41d-4dfd-8245-77696158fd91.wav,"[{'type': 'SPEECH', 'time-range': [1.64, 3.3200000000000003]}]"
data/porter_audio_clean/hermes-cca%2F2022-01-22%2F8df7541e-b24f-47bf-aa74-633be6e9b927%2F807ac5b6-fc1f-47d6-a0d9-9e8f9cea7cda.wav,"[{'type': 'SPEECH', 'time-range': [1.64, 2.06]}]"
data/porter_audio_clean/hermes-cca%2F2022-01-22%2F6e236c2f-356c-4f75-af44-d5beb937fbfd%2Fb962d793-725e-48de-b880-e50df1684cd8.wav,"[{'type': 'NON-SPEECH', 'time-range': [1.64, 5.4]}, {'type': 'SPEECH', 'time-range': [1.66, 5.5]}]"
data/chola_audio_clean/hermes-cca%2F2022-01-29%2F19c94d5ac5fc5b3b0cbf9e8e078a161t%2Fd897554b-af4a-4f31-a91d-8d72b8fd9481.wav,"[{'type': 'SPEECH', 'time-range': [1.66, 2.06]}, {'type': 'SPEECH', 'time-range': [3.22, 3.56]}]"
data/chola_audio_clean/hermes-cca%2F2021-12-18%2F143d1f33-b6db-4961-8631-e3dfd187a333%2Fbf54a758-bc6e-4c1b-b0b3-8f630a5a94a7.wav,"[{'type': 'SPEECH', 'time-range': [1.66, 2.22]}]"
data/chola_audio_clean/hermes-cca%2F2022-02-06%2F4835e936068f768a29cb33f37c3f1626%2F90117c83-bb26-4200-a440-7d7f206868c3.wav,"[{'type': 'SPEECH', 'time-range': [1.66, 2.38]}, {'type': 'SPEECH', 'time-range': [3.28, 4.78]}, {'type': 'SPEECH', 'time-range': [4.9, 6.0600000000000005]}]"
data/porter_audio_clean/hermes-cca%2F2022-01-04%2Ff353ee8d-f515-4e39-8143-e66f23aac8dd%2F2ae1d6dc-7558-4ef2-a258-60677d46e1b0.wav,"[{'type': 'NON-SPEECH', 'time-range': [1.68, 3.04]}, {'type': 'SPEECH', 'time-range': [2.58, 3.02]}, {'type': 'NON-SPEECH', 'time-range': [3.12, 4.16]}]"
data/porter_audio_clean/hermes-cca%2F2022-01-11%2F11be01d2-d828-43b1-b98f-891ce41bcd24%2F3d35515e-7942-4f95-b699-f93ad350f030.wav,"[{'type': 'SPEECH', 'time-range': [1.68, 2.38]}]"
data/chola_audio_clean/hermes-cca%2F2022-02-06%2F0efdba10d074ee1519a287190fd51626%2Faca108c0-9232-4ee0-b3ed-c2ea150cd586.wav,"[{'type': 'SPEECH', 'time-range': [1.68, 3.48]}]"
data/porter_audio_clean/hermes-cca%2F2022-01-04%2F8c3b6f90-56bc-46a0-ab7f-9e1121bc15c0%2Fed46141a-bf56-4959-9fa8-14fb2b80f723.wav,"[{'type': 'SPEECH', 'time-range': [1.76, 2.24]}, {'type': 'SPEECH', 'time-range': [2.96, 3.82]}, {'type': 'SPEECH', 'time-range': [3.92, 4.6000000000000005]}]"
data/porter_audio_clean/hermes-cca%2F2022-01-11%2Fc63d78d3-3af9-4bdb-ae16-92400ce1a2ff%2F57fc8c94-7f7e-40c4-9165-aa771fe55dd6.wav,"[{'type': 'SPEECH', 'time-range': [1.76, 5.64]}, {'type': 'SPEECH', 'time-range': [5.82, 10.06]}, {'type': 'SPEECH', 'time-range': [10.9, 13.18]}, {'type': 'SPEECH', 'time-range': [14.1, 15.72]}, {'type': 'SPEECH', 'time-range': [17.52, 18.44]}]"
data/chola_audio_clean/hermes-cca%2F2021-11-05%2Fa18a2dc4-8cbb-4596-aeab-fa06b2e43316%2F97b9757e-24f5-4231-b706-99844f1715d2.wav,"[{'type': 'NON-SPEECH', 'time-range': [1.76, 7.94]}, {'type': 'SPEECH', 'time-range': [1.82, 8.06]}]"
data/porter_audio_clean/hermes-cca%2F2022-02-08%2Fd1542b9a-7783-4f6e-862a-118ed1a93f3a%2Fad0bc47e-7169-4617-8602-a5690171a5a7.wav,"[{'type': 'SPEECH', 'time-range': [1.78, 8.2]}]"
data/chola_audio_clean/hermes-cca%2F2022-02-08%2F272a51cc1a4f4d3b01908b1cc3bb1628%2F6bbbf046-7945-4049-9cac-ab9ee146b1e2.wav,"[{'type': 'SPEECH', 'time-range': [1.8, 3.18]}, {'type': 'SPEECH', 'time-range': [3.66, 4.46]}]"
data/porter_audio_clean/hermes-cca%2F2022-02-11%2Fd51fb447-8a1d-4650-9083-60d3a2053b31%2Fca9e8f38-a9e4-471e-a831-4ee7a6cace57.wav,"[{'type': 'SPEECH', 'time-range': [1.82, 3.96]}, {'type': 'SPEECH', 'time-range': [4.62, 6.94]}, {'type': 'SPEECH', 'time-range': [7.04, 8.2]}]"
data/chola_audio_clean/hermes-cca%2F2022-02-04%2Fd69373f8df7860c4c96cd267bc041624%2F73ac5633-6078-4bf5-b038-e074724c73e6.wav,"[{'type': 'SPEECH', 'time-range': [1.82, 2.34]}]"
data/chola_audio_clean/hermes-cca%2F2022-01-30%2F3a56246f70285f8a4f8b1cd457dc161u%2F1647bc90-d965-4fb8-82f3-917b61704e30.wav,"[{'type': 'SPEECH', 'time-range': [1.82, 2.22]}]"
data/porter_audio_clean/hermes-cca%2F2022-02-04%2F28fffa3a-74ac-4c1f-94ba-bf9b183b83b9%2F077d431b-a3b9-4862-9b14-c153075f5519.wav,"[{'type': 'SPEECH', 'time-range': [1.82, 2.5]}, {'type': 'SPEECH', 'time-range': [2.62, 5.92]}]"
data/chola_audio_clean/hermes-cca%2F2022-01-17%2Fd71c543c-f17d-4b1f-ae62-b88dea65287d%2F74ba6d2b-72ff-47ce-b140-47253761ffc6.wav,"[{'type': 'SPEECH', 'time-range': [1.84, 3.0]}]"
data/porter_audio_clean/hermes-cca%2F2022-01-22%2Ff998d525-d844-4372-adbf-dce09cbfb297%2F26803844-3989-4f98-9360-14604735e15f.wav,"[{'type': 'SPEECH', 'time-range': [1.9, 5.32]}]"
data/chola_audio_clean/hermes-cca%2F2022-02-08%2Fc924b7b7809da3aaee1439bdcf621628%2F88beeab1-59fd-4afb-81d9-1db51e83bac9.wav,"[{'type': 'SPEECH', 'time-range': [1.9, 4.12]}]"
data/chola_audio_clean/hermes-cca%2F2022-02-06%2Fbee8f27e81eda71abea64945a5121626%2F7201f829-726b-487c-936d-5cd138a7a6c3.wav,"[{'type': 'SPEECH', 'time-range': [1.9, 2.38]}]"
data/chola_audio_clean/hermes-cca%2F2022-02-04%2Fd45869f926ac0042901bd00f22321624%2Fb3f2fd76-76cf-4a2f-9d33-58cda83a27ef.wav,"[{'type': 'SPEECH', 'time-range': [1.92, 2.82]}]"
data/chola_audio_clean/hermes-cca%2F2022-02-08%2F6639383bccc255ab8c84b030842b1628%2F0c681d51-7ef9-491e-927e-e82b5ed9fa7a.wav,"[{'type': 'SPEECH', 'time-range': [1.92, 4.12]}]"
data/porter_audio_clean/hermes-cca%2F2022-02-08%2Fc1b777c3-f799-4163-8f8b-a8cc8953cf4c%2Fe9f27574-63c8-4991-80ea-7b27cf7e8a46.wav,"[{'type': 'SPEECH', 'time-range': [1.94, 3.0]}]"
data/porter_audio_clean/hermes-cca%2F2022-01-31%2F731c48c3-d81a-40e7-9a75-640b2f5ddc64%2Fbc33e343-fc71-4fb5-be4c-5e77ef104c15.wav,"[{'type': 'SPEECH', 'time-range': [1.96, 3.3200000000000003]}]"
data/chola_audio_clean/hermes-cca%2F2022-02-04%2F54f1dd3ef1ad41777e27bb9eb44f1624%2F76667042-8804-4040-ab23-05fda1846a82.wav,"[{'type': 'SPEECH', 'time-range': [1.98, 2.34]}]"
data/porter_audio_clean/hermes-cca%2F2022-01-27%2F00391afd-51f2-463c-aef1-547f6615a8a1%2F0d04eedb-90ce-4fd8-93fc-78614bb7d1db.wav,"[{'type': 'SPEECH', 'time-range': [1.98, 7.66]}]"
data/porter_audio_clean/hermes-cca%2F2022-02-08%2Fef4b8744-e1dd-4a8a-b73b-c2ce4ef2d28a%2Fcb011545-ff65-4602-b165-b57c2315376e.wav,"[{'type': 'SPEECH', 'time-range': [1.98, 3.86]}, {'type': 'SPEECH', 'time-range': [5.28, 6.96]}, {'type': 'SPEECH', 'time-range': [7.140000000000001, 7.74]}, {'type': 'SPEECH', 'time-range': [8.24, 8.56]}]"
data/chola_audio_clean/hermes-cca%2F2022-02-04%2F0136fd5e09496537f78fd762ba231624%2Ffe5a6485-27a5-4722-8760-ae3b9e723ad9.wav,"[{'type': 'SPEECH', 'time-range': [1.98, 4.78]}]"
data/chola_audio_clean/hermes-cca%2F2022-02-08%2F3d19953676386e45062c9f04c1591628%2Ff37a2de3-65d7-4630-a19d-fab075f13063.wav,"[{'type': 'SPEECH', 'time-range': [2.0, 2.72]}]"
data/porter_audio_clean/hermes-cca%2F2022-01-11%2F134a7542-1f46-42e9-a756-6dd5df7503cc%2F4618e862-124b-4bd8-a891-3163326984a3.wav,"[{'type': 'SPEECH', 'time-range': [2.06, 6.3]}, {'type': 'SPEECH', 'time-range': [6.48, 8.2]}]"
data/chola_audio_clean/hermes-cca%2F2022-02-08%2F0123cb0ac65c8b9dc4aeb4421d4f1628%2F3ed0b77d-2dba-41f5-9356-db15ea378665.wav,"[{'type': 'SPEECH', 'time-range': [2.08, 4.36]}]"
data/chola_audio_clean/hermes-cca%2F2022-01-29%2F9b9095555b5ec013e6093a7fd5fa161t%2Fb09a18da-9964-4072-a20c-a3f50e3db27b.wav,"[{'type': 'SPEECH', 'time-range': [2.08, 2.68]}]"
data/chola_audio_clean/hermes-cca%2F2021-12-04%2F5748e9ae-bb31-4bfc-9814-942f90dddd84%2F0ae033db-436f-486c-a271-f15905ff245f.wav,"[{'type': 'SPEECH', 'time-range': [2.08, 3.36]}]"
data/porter_audio_clean/hermes-cca%2F2022-02-09%2Fcbc5a377-af69-434e-bbd1-62de741a9008%2F25d76fc8-206b-46a0-ac47-e7419552fce3.wav,"[{'type': 'SPEECH', 'time-range': [2.14, 2.96]}, {'type': 'SPEECH', 'time-range': [3.86, 5.5600000000000005]}, {'type': 'SPEECH', 'time-range': [5.68, 7.4]}, {'type': 'SPEECH', 'time-range': [7.78, 8.2]}]"
data/chola_audio_clean/hermes-cca%2F2022-01-29%2F2e2e393f3799fbc14bf4eedaec42161t%2Fe464dfee-e6d7-4862-96b1-6a2ee027c581.wav,"[{'type': 'SPEECH', 'time-range': [2.16, 3.16]}]"
data/porter_audio_clean/hermes-cca%2F2022-01-22%2Ff70e4a4c-5f27-4224-b094-d3d062e0a650%2F3af3689b-4ee2-4ec9-b149-e0a18764e02a.wav,"[{'type': 'NON-SPEECH', 'time-range': [2.18, 3.14]}, {'type': 'SPEECH', 'time-range': [3.4, 4.42]}]"
data/porter_audio_clean/hermes-cca%2F2021-12-31%2Fc119da92-49fc-42a9-a645-c2df94b1c759%2F5f7bccad-0479-4089-a5d9-10c0bba60755.wav,"[{'type': 'SPEECH', 'time-range': [2.2, 4.5600000000000005]}]"
data/chola_audio_clean/hermes-cca%2F2022-02-06%2F9001326c82d75312aef4af372bc41626%2Fcdc8e4b7-2f52-499f-94cb-81be83df4fcc.wav,"[{'type': 'SPEECH', 'time-range': [2.22, 4.12]}]"
data/chola_audio_clean/hermes-cca%2F2022-02-08%2F3d19953676386e45062c9f04c1591628%2Fef903b0e-4aa9-43d0-bc1f-e943943642ca.wav,"[{'type': 'SPEECH', 'time-range': [2.22, 4.46]}, {'type': 'SPEECH', 'time-range': [4.86, 5.96]}, {'type': 'SPEECH', 'time-range': [6.92, 7.92]}, {'type': 'SPEECH', 'time-range': [9.56, 10.06]}]"
data/chola_audio_clean/hermes-cca%2F2022-02-04%2F218eccb4814c71683ea3807815ee1624%2Fb79e26c7-d75c-41c2-949c-e966aa263ae7.wav,"[{'type': 'SPEECH', 'time-range': [2.22, 2.92]}]"
data/porter_audio_clean/hermes-cca%2F2022-01-22%2F67967255-daf7-4f7f-9613-95f40313b364%2F3b33fc75-950c-4cba-a63c-07e302c25ba9.wav,"[{'type': 'NON-SPEECH', 'time-range': [2.22, 5.5600000000000005]}, {'type': 'SPEECH', 'time-range': [2.22, 6.94]}]"
data/chola_audio_clean/hermes-cca%2F2022-02-04%2Fd69373f8df7860c4c96cd267bc041624%2F6833973c-1b1d-4e1a-b56f-ecfd87127770.wav,"[{'type': 'SPEECH', 'time-range': [2.22, 4.26]}]"
data/porter_audio_clean/hermes-cca%2F2021-11-08%2F1ff0eceb-326b-4242-920b-01057405b36e%2F2fb477d1-bb12-46db-abb0-1bb4718863bf.wav,"[{'type': 'SPEECH', 'time-range': [2.28, 7.140000000000001]}]"
data/porter_audio_clean/hermes-cca%2F2022-01-22%2F383b999f-c53d-436a-84ea-5b6a567ef7c4%2F7b5ef2fa-281b-4aab-90e5-3e6f8c336dea.wav,"[{'type': 'SPEECH', 'time-range': [2.3000000000000003, 2.76]}]"
data/porter_audio_clean/hermes-cca%2F2021-12-31%2F701bbef6-a3e7-4b14-852d-8acff06b3bd0%2Ff9d3c793-5d38-46b1-9bbe-b351b1f4cf47.wav,"[{'type': 'SPEECH', 'time-range': [2.3000000000000003, 4.38]}]"
data/porter_audio_clean/hermes-cca%2F2022-01-05%2F2d553ebb-8ba8-4b97-8cef-6d90f59c78ba%2F484ed4a2-2f62-44fa-82a9-e8e11df2f2e4.wav,"[{'type': 'SPEECH', 'time-range': [2.32, 2.6]}]"
data/porter_audio_clean/hermes-cca%2F2021-12-28%2F470d3931-f68e-46d9-9928-97a7d0b368cb%2Fd64abb83-1f85-4ee6-a9b5-e4895d0b38f8.wav,"[{'type': 'SPEECH', 'time-range': [2.32, 5.58]}, {'type': 'SPEECH', 'time-range': [6.8, 8.22]}]"
data/porter_audio_clean/hermes-cca%2F2022-01-04%2Fb5b1057d-7cea-423b-a447-ff272ac7d7a8%2F76ad1e8f-9639-4f3c-a58e-fcc9cb28581b.wav,"[{'type': 'SPEECH', 'time-range': [2.34, 3.98]}]"
data/chola_audio_clean/hermes-cca%2F2022-01-29%2F9b9095555b5ec013e6093a7fd5fa161t%2F4f854313-8a4a-4f5b-9ca6-e9f5fd296efa.wav,"[{'type': 'SPEECH', 'time-range': [2.36, 3.16]}]"
data/porter_audio_clean/hermes-cca%2F2022-02-09%2Fc05118d0-efd8-40bd-91ab-4f6698d12829%2F65852679-f101-4a29-aff9-deaf40b9f800.wav,"[{'type': 'SPEECH', 'time-range': [2.38, 3.94]}, {'type': 'NON-SPEECH', 'time-range': [3.84, 5.4]}]"
data/chola_audio_clean/hermes-cca%2F2022-01-29%2F5b700d25c25f18beab23a4544cbd161t%2F58c46406-8d65-435e-b0e6-a60202108bc3.wav,"[{'type': 'SPEECH', 'time-range': [2.4, 4.0600000000000005]}]"
data/porter_audio_clean/hermes-cca%2F2021-12-31%2Fae3b2058-6af4-49cc-925e-442bf3c214f0%2F833e37fc-f232-4af9-9fbf-a2faf0fbd862.wav,"[{'type': 'SPEECH', 'time-range': [2.4, 3.68]}]"
data/porter_audio_clean/hermes-cca%2F2022-01-11%2Fa9e49299-e906-483e-a6cd-e322115bf9ac%2F36c4f921-5256-47c1-abb0-ff92490ecef5.wav,"[{'type': 'SPEECH', 'time-range': [2.4, 5.36]}]"
data/chola_audio_clean/hermes-cca%2F2022-02-04%2F04f961ff17352f72ced99c2287c01624%2Fbdc5a475-59b0-4d76-82c2-5d4a69c56977.wav,"[{'type': 'SPEECH', 'time-range': [2.46, 3.68]}]"
data/porter_audio_clean/hermes-cca%2F2022-01-22%2Fa61fe3b3-1a35-40de-8ccd-53ecb06db156%2F268c38da-093c-4d07-98e7-9a6ce5efbe89.wav,"[{'type': 'SPEECH', 'time-range': [2.48, 4.22]}, {'type': 'NON-SPEECH', 'time-range': [4.44, 6.68]}, {'type': 'SPEECH', 'time-range': [5.38, 6.74]}, {'type': 'NON-SPEECH', 'time-range': [6.78, 8.2]}, {'type': 'SPEECH', 'time-range': [6.82, 7.8]}]"
data/chola_audio_clean/hermes-cca%2F2022-01-29%2F0d172c7c2e5f0ccf1a1a5ead148f161t%2Fff592023-5982-446e-bb97-7589a63ca9a8.wav,"[{'type': 'SPEECH', 'time-range': [2.48, 3.02]}]"
data/porter_audio_clean/hermes-cca%2F2022-01-22%2F55d97c44-6dca-45da-b75b-63d0e8e99afa%2Fda9dd3ce-d335-4fa3-904d-2e40c11d3609.wav,"[{'type': 'SPEECH', 'time-range': [2.52, 5.66]}, {'type': 'SPEECH', 'time-range': [5.76, 7.48]}, {'type': 'SPEECH', 'time-range': [7.7, 8.02]}]"
data/chola_audio_clean/hermes-cca%2F2022-02-11%2F0646562a-112d-4fc6-a919-3cdeb95d4fe6%2F2fa18bbe-439e-4198-8e94-ff7f3d0795c7.wav,"[{'type': 'SPEECH', 'time-range': [2.56, 2.98]}]"
data/chola_audio_clean/hermes-cca%2F2022-02-11%2F5147f31d-9a73-4d3b-8fc9-d68968abad20%2Fbae840f0-5c2e-43af-9cd6-314594f22bb5.wav,"[{'type': 'SPEECH', 'time-range': [2.56, 2.94]}]"
data/porter_audio_clean/hermes-cca%2F2022-02-09%2F855dc1f8-55c2-4660-939c-37e133ff2094%2Fb3df2fbf-f5f9-4999-8cf1-53d3fab374cf.wav,"[{'type': 'SPEECH', 'time-range': [2.58, 5.36]}, {'type': 'NON-SPEECH', 'time-range': [6.0600000000000005, 9.58]}, {'type': 'SPEECH', 'time-range': [6.08, 9.68]}, {'type': 'SPEECH', 'time-range': [9.72, 11.64]}]"
data/chola_audio_clean/hermes-cca%2F2021-12-08%2Fd9e7995e-ab15-4ff9-9403-dd2aab69c063%2F6ddbd6cb-e9b5-47ab-afb9-4dc08b27f63e.wav,"[{'type': 'SPEECH', 'time-range': [2.58, 3.26]}]"
data/porter_audio_clean/hermes-cca%2F2021-12-31%2Fc119da92-49fc-42a9-a645-c2df94b1c759%2F2092532b-fe76-4b6d-9073-894b03d1098b.wav,"[{'type': 'SPEECH', 'time-range': [2.62, 6.26]}]"
data/chola_audio_clean/hermes-cca%2F2022-02-08%2F3da64f08ccca6998bde407354ab31628%2Fdd37a98b-1530-4eec-81d7-02a5937037c0.wav,"[{'type': 'SPEECH', 'time-range': [2.62, 4.38]}]"
data/chola_audio_clean/hermes-cca%2F2021-12-04%2F5748e9ae-bb31-4bfc-9814-942f90dddd84%2Fe14cfcb9-1834-45e7-969c-cedf9e3f229e.wav,"[{'type': 'SPEECH', 'time-range': [2.62, 2.94]}, {'type': 'SPEECH', 'time-range': [3.1, 4.26]}]"
data/chola_audio_clean/hermes-cca%2F2021-12-04%2Fc4c8ee4a-4677-4781-977c-0e0914a88885%2Fed09c69a-fa10-4ef2-9e79-76b98f751e71.wav,"[{'type': 'SPEECH', 'time-range': [2.64, 5.48]}]"
data/chola_audio_clean/hermes-cca%2F2021-12-08%2Ffdec08ba-e7bb-41e7-8c77-d37511a7c440%2F545c7f1b-29ad-47ff-b0fc-5847a684ca11.wav,"[{'type': 'SPEECH', 'time-range': [2.64, 3.34]}]"
data/chola_audio_clean/hermes-cca%2F2022-02-11%2Ff11948af-f65a-4fba-b569-ebfa7b7edb10%2Fec8513fc-221b-435b-a025-7fd72c6be3f9.wav,"[{'type': 'SPEECH', 'time-range': [2.64, 3.42]}]"
data/porter_audio_clean/hermes-cca%2F2021-11-08%2F1daed0d9-0a79-494b-a9d7-844327366cb0%2F8fa7ac79-2195-4d17-b844-7b10506ad824.wav,"[{'type': 'NON-SPEECH', 'time-range': [2.66, 3.88]}, {'type': 'SPEECH', 'time-range': [2.72, 3.94]}, {'type': 'NON-SPEECH', 'time-range': [4.0, 5.96]}, {'type': 'SPEECH', 'time-range': [4.0200000000000005, 6.04]}, {'type': 'NON-SPEECH', 'time-range': [6.18, 7.16]}, {'type': 'SPEECH', 'time-range': [6.2, 7.22]}]"
data/chola_audio_clean/hermes-cca%2F2022-02-04%2F54f1dd3ef1ad41777e27bb9eb44f1624%2F59c6f587-0ad0-4cdf-b1c9-fecdfc1b1d2a.wav,"[{'type': 'SPEECH', 'time-range': [2.7, 4.64]}, {'type': 'SPEECH', 'time-range': [5.28, 7.28]}, {'type': 'SPEECH', 'time-range': [7.4, 7.56]}]"
data/chola_audio_clean/hermes-cca%2F2022-01-29%2F8b98aa6ab5870d4f74e840ba568f161t%2F06caacc4-7298-4b03-9ed7-ac7755ddb632.wav,"[{'type': 'SPEECH', 'time-range': [2.72, 4.3]}]"
data/chola_audio_clean/hermes-cca%2F2022-02-08%2F11adfcf2c833a6b44701b1604e161628%2Fd052cb64-7acd-409f-838b-5aa123b6dfca.wav,"[{'type': 'SPEECH', 'time-range': [2.76, 4.22]}]"
data/porter_audio_clean/hermes-cca%2F2022-01-22%2F742ba64e-14b7-4e64-897c-9952773811ff%2Fe3e53d24-402a-4c64-b3ba-f4a5acefc2da.wav,"[{'type': 'NON-SPEECH', 'time-range': [2.82, 3.26]}]"
data/chola_audio_clean/hermes-cca%2F2021-11-05%2Fdde856ac-b357-4380-97d3-1a3812f49979%2Fbd2e1c80-b1ba-4ea5-a5fe-8dc6412d4bfe.wav,"[{'type': 'SPEECH', 'time-range': [2.86, 4.36]}]"
data/chola_audio_clean/hermes-cca%2F2022-02-11%2F4b672ccc-2f16-48aa-9031-819f7bc5e55b%2Fa9096dfa-d155-41a6-9e12-3796643f64d5.wav,"[{'type': 'SPEECH', 'time-range': [2.88, 4.18]}]"
data/chola_audio_clean/hermes-cca%2F2022-02-11%2F5387948c-03d4-4b14-9652-62c52c73febf%2F5a45ef82-a23d-416d-9036-64acc3527399.wav,"[{'type': 'SPEECH', 'time-range': [2.9, 6.72]}]"
data/porter_audio_clean/hermes-cca%2F2021-11-08%2Fea10e074-9b7c-4171-b9fd-69bb5bbb97b6%2F8a295d23-55e6-45f3-9610-7902179b797d.wav,"[{'type': 'SPEECH', 'time-range': [2.9, 3.58]}]"
data/chola_audio_clean/hermes-cca%2F2022-02-08%2Fe8a52ca58d107deb06cf7cc9e9151628%2Fe7194085-b7c5-4579-93ef-7d92d6b4bed2.wav,"[{'type': 'SPEECH', 'time-range': [2.96, 3.54]}]"
data/chola_audio_clean/hermes-cca%2F2021-12-08%2Ffb3a1dad-c24b-4f53-95d3-2ea353984b51%2Fd0205805-2960-46af-82c9-89558d6ada00.wav,"[{'type': 'SPEECH', 'time-range': [2.98, 4.5200000000000005]}]"
data/chola_audio_clean/hermes-cca%2F2022-02-07%2F27645781d08a70b034cb081f3daa1627%2F439fa22f-fef2-48cc-93e8-15efdfe8493f.wav,"[{'type': 'SPEECH', 'time-range': [2.98, 4.5600000000000005]}]"
data/porter_audio_clean/hermes-cca%2F2022-01-22%2F34004b25-ca90-43c2-8c38-ec18f98c3802%2Fd0683014-482e-47fd-9725-2c8ab5a7e328.wav,"[{'type': 'NON-SPEECH', 'time-range': [3.0, 3.82]}]"
data/porter_audio_clean/hermes-cca%2F2021-12-28%2Fea7765d7-a947-4ac7-b113-f22eccd4b40f%2Fd718c153-ecd8-4291-be73-bfe0cfe93340.wav,"[{'type': 'SPEECH', 'time-range': [3.04, 5.16]}, {'type': 'SPEECH', 'time-range': [5.54, 7.54]}, {'type': 'SPEECH', 'time-range': [7.62, 8.2]}]"
data/chola_audio_clean/hermes-cca%2F2021-11-05%2F1d17ba8d-8b96-4b46-bc9a-1163cc8bcd72%2F6d9b184f-c1f0-44e9-929d-d00bca9aa67a.wav,"[{'type': 'SPEECH', 'time-range': [3.06, 4.38]}]"
data/porter_audio_clean/hermes-cca%2F2022-01-11%2F50bed432-2c6d-4be3-ba39-70a35e75eff7%2Ff98b3f13-636a-4915-9ec7-fd63a240ee0c.wav,"[{'type': 'SPEECH', 'time-range': [3.1, 4.44]}]"
data/chola_audio_clean/hermes-cca%2F2022-02-08%2F059bc07f9658178cafae80ea30a21628%2F9f66a612-1a3a-4f5d-b1fa-7d0358d93b4f.wav,"[{'type': 'SPEECH', 'time-range': [3.1, 6.12]}]"
data/chola_audio_clean/hermes-cca%2F2022-01-29%2F47a283d42347f54bfd4ac2961fa1161t%2Fa226644c-5c29-49ff-86ad-167990fb9c79.wav,"[{'type': 'SPEECH', 'time-range': [3.12, 3.54]}]"
data/porter_audio_clean/hermes-cca%2F2021-12-27%2Fc17f416f-76ea-4c94-8e9a-e69e6a1f09c4%2F8acc9d1d-90ca-4cb5-86a3-4d916718c4aa.wav,"[{'type': 'SPEECH', 'time-range': [3.2, 3.62]}]"
data/porter_audio_clean/hermes-cca%2F2021-12-31%2Fc119da92-49fc-42a9-a645-c2df94b1c759%2Fc7a99037-8453-4a07-9cc3-22baad4b8a5f.wav,"[{'type': 'SPEECH', 'time-range': [3.22, 3.96]}]"
data/chola_audio_clean/hermes-cca%2F2022-02-04%2F0136fd5e09496537f78fd762ba231624%2F7b49c733-02b1-49ce-a4ef-803445683934.wav,"[{'type': 'SPEECH', 'time-range': [3.24, 4.5600000000000005]}]"
data/chola_audio_clean/hermes-cca%2F2022-02-04%2Fd69373f8df7860c4c96cd267bc041624%2Fa75e7849-95a2-4893-a664-e8a2fd593381.wav,"[{'type': 'SPEECH', 'time-range': [3.3200000000000003, 4.5600000000000005]}]"
data/porter_audio_clean/hermes-cca%2F2022-01-27%2Fa39fb338-3116-4d7b-ad65-87b4063c8710%2F7e2eafdf-9dec-4428-96b6-17fd2ae682a1.wav,"[{'type': 'SPEECH', 'time-range': [3.36, 7.9]}, {'type': 'SPEECH', 'time-range': [8.3, 9.9]}, {'type': 'SPEECH', 'time-range': [10.32, 11.9]}, {'type': 'SPEECH', 'time-range': [12.28, 12.92]}, {'type': 'SPEECH', 'time-range': [13.12, 16.14]}, {'type': 'SPEECH', 'time-range': [17.38, 18.44]}]"
data/porter_audio_clean/hermes-cca%2F2022-01-11%2Fe32f4b09-4116-49f4-976a-2ba422821b96%2F28afa8ef-16da-4403-afef-c24485301aa5.wav,"[{'type': 'SPEECH', 'time-range': [3.42, 5.1000000000000005]}]"
data/chola_audio_clean/hermes-cca%2F2022-01-29%2Fa667a5ba3f043b4a3bb1a7be7ee4161t%2F887d1945-d00a-4017-97ce-2542d23ee6ee.wav,"[{'type': 'SPEECH', 'time-range': [3.44, 4.64]}]"
data/porter_audio_clean/hermes-cca%2F2021-11-08%2Fea10e074-9b7c-4171-b9fd-69bb5bbb97b6%2F9a1d13d6-8d4f-4d02-b81c-47a4d1af31c1.wav,"[{'type': 'NON-SPEECH', 'time-range': [3.44, 8.540000000000001]}, {'type': 'SPEECH', 'time-range': [3.48, 8.64]}, {'type': 'NON-SPEECH', 'time-range': [9.14, 10.2]}, {'type': 'SPEECH', 'time-range': [9.18, 10.28]}]"
data/porter_audio_clean/hermes-cca%2F2022-01-22%2Fd07c9d73-60d9-47d1-acfd-d727f264767d%2F2ecd57fa-8f09-493e-992f-5f4f0cf5c0db.wav,"[{'type': 'SPEECH', 'time-range': [3.52, 5.0]}]"
data/porter_audio_clean/hermes-cca%2F2022-01-11%2F2b833b1a-a8ec-4079-9cf6-51684bb78365%2F5e407d84-d78a-4adc-b145-f4ca0d0cc5e8.wav,"[{'type': 'SPEECH', 'time-range': [3.52, 4.26]}, {'type': 'SPEECH', 'time-range': [4.5600000000000005, 6.22]}, {'type': 'SPEECH', 'time-range': [6.4, 8.2]}]"
data/chola_audio_clean/hermes-cca%2F2022-01-30%2F12929d41d7f5bbfe3e633053e9fe161u%2Fcc4a0f5e-e341-44dc-be51-9c2a03b742fc.wav,"[{'type': 'SPEECH', 'time-range': [3.56, 4.98]}]"
data/porter_audio_clean/hermes-cca%2F2022-01-27%2F84e6c5f6-f80e-4c03-92c9-49ba05953bdf%2F7fa6b1ff-3f65-4af6-b172-9bc7f6e85084.wav,"[{'type': 'NON-SPEECH', 'time-range': [3.58, 6.68]}, {'type': 'SPEECH', 'time-range': [3.66, 6.74]}]"
data/chola_audio_clean/hermes-cca%2F2022-02-08%2Fab00c2a437c742b65581e491b41f1628%2F967893a7-3172-4be9-8fdc-b8888dc2ea13.wav,"[{'type': 'SPEECH', 'time-range': [3.58, 4.22]}]"
data/chola_audio_clean/hermes-cca%2F2021-11-05%2F83bd6306-b24e-4dd4-85f4-8b006fedec6d%2Ff8657c22-5f57-4316-b5eb-5ed65d2194a7.wav,"[{'type': 'NON-SPEECH', 'time-range': [3.68, 4.84]}, {'type': 'SPEECH', 'time-range': [3.74, 4.9]}, {'type': 'NON-SPEECH', 'time-range': [4.96, 7.0]}, {'type': 'SPEECH', 'time-range': [4.96, 7.1000000000000005]}]"
data/porter_audio_clean/hermes-cca%2F2021-11-08%2F4c3fce0e-22fa-435a-ac26-0b2e18812d21%2F25eb889e-013b-4837-a2ce-b8737bb9e9c5.wav,"[{'type': 'SPEECH', 'time-range': [3.74, 4.96]}]"
data/porter_audio_clean/hermes-cca%2F2022-01-22%2F1b6994e6-f6b6-402b-aee1-a3815815f47b%2Fab867968-a541-4fde-a8f0-4be006cfbeaa.wav,"[{'type': 'SPEECH', 'time-range': [3.8, 8.120000000000001]}, {'type': 'NON-SPEECH', 'time-range': [8.34, 13.82]}, {'type': 'SPEECH', 'time-range': [8.38, 13.9]}, {'type': 'SPEECH', 'time-range': [14.16, 18.44]}, {'type': 'NON-SPEECH', 'time-range': [14.16, 18.44]}]"
data/porter_audio_clean/hermes-cca%2F2022-01-11%2F29c0ecb0-46d5-4ee0-8d35-eba0566fee16%2Ff3f60d32-4cbd-4169-996a-680d2348b682.wav,"[{'type': 'SPEECH', 'time-range': [3.82, 8.2]}]"
data/chola_audio_clean/hermes-cca%2F2022-02-04%2F218eccb4814c71683ea3807815ee1624%2F24d26ec6-5b58-4556-9f80-a441aa824afd.wav,"[{'type': 'SPEECH', 'time-range': [3.94, 4.48]}]"
data/porter_audio_clean/hermes-cca%2F2021-11-08%2F1ff0eceb-326b-4242-920b-01057405b36e%2Ff1ca65dd-b034-478e-90ee-1f5aecc0a6f2.wav,"[{'type': 'SPEECH', 'time-range': [4.08, 9.24]}]"
data/porter_audio_clean/hermes-cca%2F2021-11-08%2F38c5d219-38c0-479a-a5ec-6206a6ab8876%2Fe1062d00-dbb2-499e-bff9-881ed7366a1f.wav,"[{'type': 'SPEECH', 'time-range': [4.12, 6.0600000000000005]}]"
data/chola_audio_clean/hermes-cca%2F2022-01-29%2F2aba291b1fea1da35c050f3f9747161t%2Fdf74c83c-0749-460e-baa0-d8db6d2f50fe.wav,"[{'type': 'SPEECH', 'time-range': [4.16, 6.2]}, {'type': 'SPEECH', 'time-range': [7.28, 7.8]}]"
data/porter_audio_clean/hermes-cca%2F2021-12-31%2F06fd59a2-b343-415f-a031-9da52f8d496c%2F6072933b-a5b6-41bb-9330-8dae0c11cd71.wav,"[{'type': 'SPEECH', 'time-range': [4.32, 7.38]}]"
data/porter_audio_clean/hermes-cca%2F2022-02-09%2Fc05118d0-efd8-40bd-91ab-4f6698d12829%2Fc9cca12a-27aa-4193-abf1-7e6a4c473f46.wav,"[{'type': 'SPEECH', 'time-range': [4.34, 4.72]}]"
data/chola_audio_clean/hermes-cca%2F2021-12-04%2Fef6a0a96-8e51-450e-8e1b-ec90427a6d08%2Fdb26c558-4250-4634-ae99-6df602fb43e9.wav,"[{'type': 'SPEECH', 'time-range': [4.42, 4.6000000000000005]}]"
data/porter_audio_clean/hermes-cca%2F2022-02-04%2Fdf842086-8028-4bc1-9b62-4091ed0a314e%2F2d88c572-ecd0-423e-8e6f-aa32896d4416.wav,"[{'type': 'SPEECH', 'time-range': [4.48, 5.3]}]"
data/porter_audio_clean/hermes-cca%2F2022-01-11%2F1e66210a-f9a8-462a-b40f-7411c42cc69a%2F745fd9f9-28de-4c52-8f5e-5e004a0049cc.wav,"[{'type': 'SPEECH', 'time-range': [4.54, 5.0]}]"
data/porter_audio_clean/hermes-cca%2F2022-01-22%2Fac178d16-83b9-4aaf-8560-d0a08053033b%2F12e1494b-44ee-4ed6-8b62-542b5838b240.wav,"[{'type': 'SPEECH', 'time-range': [4.6000000000000005, 7.22]}]"
data/porter_audio_clean/hermes-cca%2F2022-02-04%2F851d1ead-04a9-4b63-886d-4e0e91e8a192%2F9e9998b1-7e3e-47e7-a161-cadf65bbe824.wav,"[{'type': 'SPEECH', 'time-range': [4.62, 5.32]}]"
data/porter_audio_clean/hermes-cca%2F2021-11-08%2F4c3fce0e-22fa-435a-ac26-0b2e18812d21%2Fa38420e8-b1ca-42c8-b50e-625d64908469.wav,"[{'type': 'SPEECH', 'time-range': [5.5, 7.640000000000001]}, {'type': 'NON-SPEECH', 'time-range': [5.5200000000000005, 7.54]}]"
data/porter_audio_clean/hermes-cca%2F2022-01-05%2F08b507a7-741c-4fe9-bc9b-de2f55dcb015%2F870b420b-2697-4d16-bcc1-1f773c8971b9.wav,"[{'type': 'NON-SPEECH', 'time-range': [6.34, 7.54]}]"
